,Hour,Day,Month,Load,Pressure,Relative Humidity,Temperature
0,1,1,1,39.7,981.25,42.9,24.485
1,2,1,1,38.8,981.05,45.25,24.12
2,3,1,1,38.1,980.7,50.9,22.62
3,4,1,1,37.7,980.6,55.3,21.435
4,5,1,1,38.9,980.95,60.15,20.51
5,6,1,1,42.5,981.4,60.95,19.76
6,7,1,1,35.6,981.6,61.65,19.745
7,8,1,1,32.5,982.15,53.15,21.535
8,9,1,1,32.4,982.95,45.6,23.92
9,10,1,1,33.3,983.2,38.85,26.805
10,11,1,1,33.7,982.9,32.6,28.765
11,12,1,1,34.7,982.1,26.7,31.945
12,13,1,1,34.8,981.1,21.85,33.145
13,14,1,1,34.9,980.25,21.35,34.745
15,16,1,1,36.7,979.0,22.95,34.625
16,17,1,1,36.4,978.85,23.7,33.915
17,18,1,1,37.4,979.35,26.45,32.055
18,19,1,1,46.8,979.85,35.15,28.335
19,20,1,1,47.4,980.6,37.45,27.355
20,21,1,1,34.1,981.4,38.95,26.7
21,22,1,1,23.1,982.1,40.9,25.235
22,23,1,1,23.9,982.5,45.3,23.4
23,24,1,1,23.3,982.3,44.75,23.21
24,1,2,1,23.6,982.3,45.4,23.025
25,2,2,1,23.5,982.0,48.85,21.545
26,3,2,1,23.0,981.4,52.7,20.245
27,4,2,1,23.3,981.05,51.75,19.905
28,5,2,1,24.0,980.9,50.35,19.77
29,6,2,1,24.4,981.3,47.1,20.295
30,7,2,1,24.0,981.85,52.5,19.32
31,8,2,1,24.1,982.75,60.65,20.04
34,11,2,1,9.2,983.6,27.9,28.505
35,12,2,1,9.5,982.75,25.8,30.64
36,13,2,1,9.7,981.85,24.8,31.51
38,15,2,1,9.8,979.05,20.25,34.665
39,16,2,1,10.0,978.3,19.85,34.585
40,17,2,1,10.5,978.15,20.6,33.94
41,18,2,1,11.3,978.35,22.7,31.96
42,19,2,1,34.2,978.75,29.35,27.84
43,20,2,1,31.8,979.4,32.55,25.9
44,21,2,1,33.2,980.05,33.7,25.705
45,22,2,1,31.3,980.75,35.55,24.87
46,23,2,1,31.1,980.8,36.9,24.605
47,24,2,1,30.8,980.75,37.75,24.085
48,1,3,1,28.0,980.4,39.6,23.365
49,2,3,1,27.2,979.95,41.45,22.835
50,3,3,1,26.6,979.7,46.85,20.96
51,4,3,1,26.0,979.6,47.25,20.91
52,5,3,1,26.0,979.75,42.95,20.53
53,6,3,1,26.4,980.2,48.5,19.47
54,7,3,1,24.8,980.85,47.45,19.245
55,8,3,1,23.7,981.6,48.15,20.2
56,9,3,1,19.1,982.45,43.85,25.635
57,10,3,1,30.6,982.6,31.95,27.49
58,11,3,1,30.4,982.45,25.5,29.3
59,12,3,1,30.3,981.65,23.95,30.395
60,13,3,1,30.9,980.8,22.95,32.225
61,14,3,1,31.5,979.4,21.95,32.91
62,15,3,1,32.4,977.95,21.25,33.99
63,16,3,1,32.8,977.3,20.75,34.14
64,17,3,1,32.8,977.15,21.15,33.145
65,18,3,1,34.5,977.45,23.1,31.45
66,19,3,1,43.9,977.85,31.4,27.32
67,20,3,1,44.0,978.7,35.0,26.145
68,21,3,1,42.2,979.65,39.45,25.005
69,22,3,1,39.3,980.2,42.2,24.53
70,23,3,1,35.9,980.4,44.45,23.365
71,24,3,1,35.2,980.25,48.8,22.87
72,1,4,1,34.8,980.25,54.55,21.76
73,2,4,1,34.2,979.75,53.7,21.675
74,3,4,1,32.6,979.35,57.6,21.38
75,4,4,1,30.2,979.35,58.6,20.63
76,5,4,1,31.3,979.6,58.2,20.4
77,6,4,1,32.3,979.9,66.3,20.46
78,7,4,1,30.2,980.55,81.55,21.46
79,8,4,1,29.9,981.9,87.5,21.045
80,9,4,1,30.5,982.95,91.1,21.83
81,10,4,1,31.5,983.2,89.3,25.145
82,11,4,1,31.4,982.75,52.7,28.25
83,12,4,1,31.4,982.0,32.2,30.0
84,13,4,1,30.6,980.8,26.65,31.615
85,14,4,1,30.2,979.7,22.9,32.225
86,15,4,1,31.1,978.7,21.85,32.74
87,16,4,1,31.4,978.0,20.3,33.065
88,17,4,1,31.7,978.1,20.15,32.43
89,18,4,1,34.0,978.6,23.2,30.065
90,19,4,1,43.2,979.4,28.8,27.285
91,20,4,1,44.2,980.25,28.8,26.525
92,21,4,1,43.2,981.1,31.45,25.31
93,22,4,1,39.4,981.8,29.45,25.405
94,23,4,1,35.2,982.0,31.2,24.035
95,24,4,1,32.7,981.85,34.6,23.06
96,1,5,1,31.8,981.9,37.8,22.03
97,2,5,1,30.7,981.6,39.5,21.33
98,3,5,1,30.4,980.7,41.95,20.425
99,4,5,1,30.7,980.45,45.55,19.39
100,5,5,1,31.2,980.75,47.2,18.9
101,6,5,1,31.3,980.8,48.45,18.915
102,7,5,1,29.0,981.2,45.75,18.77
103,8,5,1,28.8,981.75,41.45,20.535
104,9,5,1,11.5,982.45,38.1,22.175
105,10,5,1,11.4,982.65,35.3,24.68
106,11,5,1,11.7,982.3,28.15,28.065
107,12,5,1,11.8,981.75,25.2,30.37
108,13,5,1,12.1,980.7,21.45,32.265
109,14,5,1,12.1,979.6,19.35,33.495
110,15,5,1,12.5,978.2,17.9,33.81
111,16,5,1,13.0,977.7,17.6,34.005
112,17,5,1,13.5,977.75,17.3,33.22
113,18,5,1,35.4,978.2,20.0,31.06
114,19,5,1,49.6,978.9,27.0,27.3
115,20,5,1,44.8,979.65,27.35,27.7
116,21,5,1,44.0,980.4,25.7,27.22
117,22,5,1,40.4,980.8,26.75,26.73
118,23,5,1,35.8,980.7,29.6,25.345
119,24,5,1,33.6,980.7,35.45,25.695
120,1,6,1,32.3,980.75,38.55,24.825
121,2,6,1,31.6,980.65,42.65,23.59
122,3,6,1,31.3,980.0,40.15,22.635
123,4,6,1,31.6,980.05,38.4,21.37
124,5,6,1,32.0,980.15,37.3,21.65
125,6,6,1,33.9,980.55,35.55,21.82
126,7,6,1,35.9,980.85,34.45,21.805
127,8,6,1,34.1,981.75,35.05,21.975
128,9,6,1,11.9,982.15,31.7,25.62
129,10,6,1,10.7,982.05,24.85,26.625
130,11,6,1,10.7,981.45,25.05,27.62
131,12,6,1,10.8,980.75,24.25,29.79
132,13,6,1,11.3,979.95,22.3,31.855
133,14,6,1,12.1,978.95,20.25,32.82
134,15,6,1,12.6,977.85,21.35,33.535
135,16,6,1,13.0,977.05,23.6,33.155
136,17,6,1,13.5,976.9,23.5,32.835
137,18,6,1,40.5,977.25,26.55,30.825
138,19,6,1,44.8,978.1,32.75,27.48
139,20,6,1,43.8,979.05,32.8,26.34
140,21,6,1,44.2,979.95,36.1,25.71
141,22,6,1,41.2,980.3,38.75,25.215
142,23,6,1,36.7,980.3,36.7,25.685
143,24,6,1,33.9,980.4,39.2,24.5
144,1,7,1,32.6,980.9,46.65,22.645
145,2,7,1,30.7,980.5,48.4,22.465
146,3,7,1,30.8,980.3,42.15,23.06
147,4,7,1,30.5,980.55,44.65,20.485
148,5,7,1,30.9,980.45,48.8,19.785
149,6,7,1,32.2,980.45,45.0,20.105
150,7,7,1,31.2,980.75,41.7,19.57
151,8,7,1,30.6,981.3,43.6,20.725
152,9,7,1,30.1,981.85,39.35,24.195
153,10,7,1,29.7,981.75,34.45,25.725
154,11,7,1,27.4,981.55,28.75,28.33
155,12,7,1,28.0,980.9,24.7,29.265
156,13,7,1,28.0,980.05,23.9,31.55
157,14,7,1,29.6,978.85,21.4,32.99
158,15,7,1,29.6,977.7,19.6,33.29
159,16,7,1,30.8,977.15,18.9,33.89
160,17,7,1,35.2,977.05,19.65,33.21
161,18,7,1,37.3,977.35,21.8,31.26
162,19,7,1,43.3,978.0,27.5,28.12
163,20,7,1,44.6,978.95,30.0,26.585
164,21,7,1,42.6,979.75,29.35,26.485
165,22,7,1,42.5,980.2,30.7,26.145
166,23,7,1,38.8,980.3,32.9,24.73
167,24,7,1,35.9,980.15,34.3,24.05
168,1,8,1,34.3,980.0,38.6,22.765
169,2,8,1,33.2,979.3,39.9,23.15
170,3,8,1,32.8,979.4,42.4,22.325
171,4,8,1,32.8,979.25,42.3,22.11
172,5,8,1,33.9,979.2,41.55,21.7
173,6,8,1,36.2,979.15,48.15,20.985
174,7,8,1,34.7,979.4,51.85,20.345
175,8,8,1,32.9,980.1,44.9,21.9
176,9,8,1,32.9,980.7,36.25,23.375
177,10,8,1,31.0,981.05,33.6,25.005
178,11,8,1,32.6,980.7,29.7,26.11
179,12,8,1,32.9,980.2,26.7,29.23
180,13,8,1,33.2,979.25,23.8,31.78
181,14,8,1,33.3,978.2,20.45,32.485
182,15,8,1,34.8,977.05,19.35,34.02
183,16,8,1,35.6,976.25,18.4,34.455
184,17,8,1,35.8,976.05,19.1,33.43
185,18,8,1,38.3,976.45,21.25,31.375
186,19,8,1,44.1,977.2,27.75,27.8
187,20,8,1,44.4,978.05,30.05,26.61
188,21,8,1,39.7,978.85,30.0,25.61
189,22,8,1,33.1,979.5,31.25,25.125
190,23,8,1,31.9,979.5,31.25,24.4
191,24,8,1,31.3,979.35,39.2,23.04
192,1,9,1,34.4,979.1,42.7,23.195
193,2,9,1,33.8,979.05,40.25,22.86
194,3,9,1,33.4,978.7,37.45,22.79
195,4,9,1,32.4,978.55,34.05,22.525
196,5,9,1,32.4,978.65,33.2,21.785
197,6,9,1,34.1,979.15,35.35,20.885
198,7,9,1,33.0,979.35,36.95,20.005
199,8,9,1,32.4,979.75,38.4,20.695
200,9,9,1,32.0,980.2,35.5,23.795
201,10,9,1,32.5,980.3,29.35,25.415
202,11,9,1,32.7,979.9,25.55,28.26
203,12,9,1,32.6,979.05,23.65,30.585
204,13,9,1,33.4,977.85,21.6,32.25
205,14,9,1,33.2,976.8,19.4,34.085
206,15,9,1,35.2,976.05,18.5,34.64
207,16,9,1,36.3,975.45,17.95,35.14
208,17,9,1,36.5,975.1,18.9,34.335
209,18,9,1,36.1,975.35,22.9,32.4
210,19,9,1,44.3,976.0,29.8,29.59
211,20,9,1,45.2,977.0,34.85,27.125
212,21,9,1,44.0,977.8,37.5,27.32
213,22,9,1,39.0,978.4,44.0,25.015
214,23,9,1,36.5,978.5,48.9,24.52
215,24,9,1,35.4,978.6,49.45,24.655
216,1,10,1,35.0,978.7,52.9,23.44
217,2,10,1,34.4,978.5,57.75,23.325
218,3,10,1,32.8,978.1,61.4,22.475
219,4,10,1,31.6,978.0,67.8,22.575
220,5,10,1,33.4,978.35,83.2,23.305
221,6,10,1,35.2,978.85,87.9,23.315
222,7,10,1,31.6,979.55,90.05,22.93
223,8,10,1,30.4,980.4,91.35,23.185
224,9,10,1,30.4,981.1,92.15,23.795
225,10,10,1,32.0,981.2,89.4,26.495
226,11,10,1,32.3,980.65,74.95,29.105
227,12,10,1,32.1,980.0,69.15,29.44
228,13,10,1,32.6,978.85,62.25,30.91
229,14,10,1,32.4,977.8,55.4,31.93
230,15,10,1,33.1,976.75,51.2,32.925
231,16,10,1,34.6,976.25,50.3,32.68
232,17,10,1,32.9,976.05,50.4,32.265
233,18,10,1,35.6,976.4,51.7,31.345
234,19,10,1,44.6,977.0,57.05,28.99
235,20,10,1,46.3,977.7,63.85,27.455
236,21,10,1,44.2,978.4,65.85,26.745
237,22,10,1,41.5,978.85,67.7,26.235
238,23,10,1,36.5,978.9,70.45,25.815
239,24,10,1,35.7,978.85,70.25,25.815
240,1,11,1,33.3,978.85,71.85,25.405
241,2,11,1,32.4,978.6,74.15,24.715
242,3,11,1,32.1,978.3,79.25,23.99
243,4,11,1,32.7,978.25,83.4,23.245
244,5,11,1,34.1,978.4,85.55,22.825
245,6,11,1,35.1,978.7,87.3,22.79
246,7,11,1,32.9,979.3,89.15,23.445
247,8,11,1,32.2,980.0,91.1,23.82
248,9,11,1,31.5,980.65,89.85,25.015
249,10,11,1,31.0,980.9,85.7,26.955
250,11,11,1,33.4,980.3,77.4,28.505
251,12,11,1,33.5,979.45,71.35,30.005
252,13,11,1,33.8,978.65,60.25,32.14
253,14,11,1,33.8,977.55,48.55,33.22
254,15,11,1,35.0,976.4,41.65,33.955
255,16,11,1,36.1,975.8,38.55,34.7
256,17,11,1,35.4,975.75,38.3,33.995
257,18,11,1,37.3,976.1,38.85,32.875
258,19,11,1,45.3,976.45,46.85,29.865
259,20,11,1,46.5,977.4,52.3,29.375
260,21,11,1,46.5,978.2,58.2,27.81
261,22,11,1,44.6,978.85,63.1,27.605
262,23,11,1,39.9,979.05,65.1,26.625
263,24,11,1,38.0,978.85,66.45,26.405
264,1,12,1,35.0,978.7,68.3,25.815
265,2,12,1,34.5,978.35,71.8,24.915
266,3,12,1,34.2,978.1,76.0,24.15
267,4,12,1,33.9,978.05,78.8,23.555
268,5,12,1,34.2,978.15,82.95,23.51
269,6,12,1,34.4,978.35,87.35,22.73
270,7,12,1,32.5,978.7,90.2,22.455
271,8,12,1,32.0,979.25,91.9,22.705
272,9,12,1,31.7,980.1,94.1,23.205
273,10,12,1,12.8,980.5,94.0,25.38
274,11,12,1,13.1,980.2,83.25,28.645
275,12,12,1,13.4,979.35,62.1,31.19
276,13,12,1,13.5,978.2,46.85,32.99
277,14,12,1,13.6,976.95,31.4,34.865
278,15,12,1,13.7,975.95,23.3,35.65
279,16,12,1,13.6,975.45,20.3,36.105
280,17,12,1,13.9,975.35,18.7,35.425
281,18,12,1,39.5,975.75,21.05,33.285
282,19,12,1,45.5,976.4,28.65,30.045
283,20,12,1,46.2,977.4,41.1,29.14
284,21,12,1,46.8,978.45,49.5,28.16
285,22,12,1,42.6,979.05,55.6,27.37
286,23,12,1,40.2,979.25,60.5,26.375
287,24,12,1,38.8,979.15,66.0,25.54
288,1,13,1,37.6,979.25,70.75,24.56
289,2,13,1,36.0,978.95,74.1,24.475
290,3,13,1,35.2,978.85,73.9,24.62
291,4,13,1,33.9,978.8,81.55,23.955
292,5,13,1,34.6,978.9,87.95,23.58
293,6,13,1,37.5,979.4,90.4,23.27
294,7,13,1,38.0,979.95,92.7,23.33
295,8,13,1,36.2,980.7,93.75,23.64
296,9,13,1,30.9,981.75,94.05,24.4
297,10,13,1,28.2,982.45,92.85,25.5
298,11,13,1,28.4,982.0,85.15,27.765
299,12,13,1,29.8,981.2,72.45,30.785
300,13,13,1,30.7,980.25,60.3,32.46
301,14,13,1,32.2,979.1,51.2,33.575
302,15,13,1,32.0,977.8,42.9,34.325
303,16,13,1,33.3,977.2,36.95,34.68
304,17,13,1,33.6,977.0,36.55,34.255
307,20,13,1,50.5,978.35,50.5,29.39
308,21,13,1,44.6,979.45,56.95,27.875
309,22,13,1,43.9,980.1,61.7,26.925
310,23,13,1,43.3,980.2,64.25,25.65
311,24,13,1,43.7,980.2,65.05,25.685
312,1,14,1,37.5,980.4,67.25,25.065
313,2,14,1,36.6,980.2,73.2,24.75
314,3,14,1,34.9,979.8,78.65,24.645
315,4,14,1,34.7,979.7,86.2,23.47
316,5,14,1,34.5,980.15,91.1,23.555
317,6,14,1,35.8,980.8,92.9,23.845
318,7,14,1,33.4,981.35,93.5,23.725
319,8,14,1,32.0,982.05,94.05,23.98
320,9,14,1,32.4,983.05,92.9,25.785
321,10,14,1,32.8,983.55,83.55,28.22
322,11,14,1,33.5,983.05,73.9,29.855
323,12,14,1,34.1,982.1,64.45,31.485
324,13,14,1,33.3,981.0,53.85,32.43
325,14,14,1,33.8,979.9,42.2,34.53
326,15,14,1,36.1,978.65,36.3,34.955
327,16,14,1,36.7,977.95,33.25,35.25
328,17,14,1,35.3,977.85,35.85,34.205
329,18,14,1,19.6,977.9,40.25,33.12
330,19,14,1,39.7,978.15,46.3,30.41
331,20,14,1,47.0,978.55,51.45,28.22
332,21,14,1,47.6,979.35,54.55,27.395
333,22,14,1,45.0,980.1,56.85,26.455
334,23,14,1,40.9,980.05,59.35,26.28
335,24,14,1,37.9,979.9,63.0,25.015
336,1,15,1,37.1,979.85,65.6,24.81
337,2,15,1,36.0,979.55,72.7,24.29
338,3,15,1,35.6,978.95,83.5,23.845
339,4,15,1,35.3,978.75,90.65,23.485
340,5,15,1,36.2,979.2,93.85,23.545
341,6,15,1,40.3,979.7,94.8,23.64
342,7,15,1,35.6,980.1,95.4,23.16
343,8,15,1,31.8,981.1,95.6,23.545
344,9,15,1,31.3,982.05,93.6,25.745
345,10,15,1,31.8,982.5,86.95,26.76
346,11,15,1,32.4,982.15,75.05,29.185
347,12,15,1,31.0,981.45,63.6,30.055
348,13,15,1,30.9,980.6,55.5,32.265
349,14,15,1,32.1,979.3,50.4,33.48
350,15,15,1,32.8,978.05,46.05,34.175
351,16,15,1,35.8,977.35,43.3,33.995
352,17,15,1,35.2,977.2,42.85,33.77
353,18,15,1,37.7,977.45,46.1,32.94
354,19,15,1,45.9,977.8,51.85,31.05
355,20,15,1,43.4,978.5,58.05,29.415
356,21,15,1,47.6,979.3,60.65,28.97
357,22,15,1,45.0,979.85,62.4,28.445
358,23,15,1,41.3,979.95,64.65,27.615
359,24,15,1,38.9,979.75,69.05,26.28
360,1,16,1,37.7,979.7,74.2,25.275
361,2,16,1,36.7,979.5,77.1,24.875
362,3,16,1,36.3,979.0,80.25,24.255
363,4,16,1,35.9,978.9,88.2,23.64
364,5,16,1,37.0,979.25,93.8,23.65
365,6,16,1,40.4,979.9,95.45,23.785
366,7,16,1,35.5,980.2,96.25,23.745
367,8,16,1,31.7,980.75,96.85,23.955
368,9,16,1,31.8,981.55,96.4,25.355
369,10,16,1,31.7,982.1,91.25,26.99
370,11,16,1,32.2,981.9,80.7,28.665
371,12,16,1,32.9,981.05,71.8,30.33
372,13,16,1,33.0,980.1,63.2,32.655
373,14,16,1,32.9,978.85,56.3,32.985
374,15,16,1,33.3,977.4,49.35,33.845
375,16,16,1,34.5,976.45,45.05,34.66
376,17,16,1,35.6,976.15,43.6,34.02
377,18,16,1,37.8,976.3,44.9,33.39
378,19,16,1,47.1,976.95,50.0,30.955
379,20,16,1,47.8,977.65,56.4,29.58
380,21,16,1,47.6,978.4,60.45,28.695
381,22,16,1,43.4,979.1,65.3,27.53
382,23,16,1,42.3,979.45,67.3,27.175
383,24,16,1,41.0,979.05,69.8,26.315
384,1,17,1,41.7,979.35,73.15,25.77
385,2,17,1,41.0,979.05,76.9,25.22
386,3,17,1,41.0,978.85,81.45,24.215
387,4,17,1,41.4,978.8,87.5,24.505
388,5,17,1,41.4,979.1,90.55,24.715
389,6,17,1,38.2,979.5,90.9,24.86
390,7,17,1,34.8,979.95,91.6,24.54
391,8,17,1,31.8,980.5,91.65,25.28
392,9,17,1,32.0,981.3,89.4,26.345
393,10,17,1,32.8,981.65,85.25,27.37
394,11,17,1,33.7,981.15,75.15,30.675
395,12,17,1,33.8,980.3,64.35,31.55
396,13,17,1,34.0,979.25,57.4,33.305
397,14,17,1,34.0,978.1,49.25,34.18
398,15,17,1,35.6,976.85,44.65,34.865
399,16,17,1,35.7,976.0,40.7,35.89
400,17,17,1,36.6,975.65,39.55,34.8
401,18,17,1,37.2,975.65,40.9,34.335
402,19,17,1,45.5,976.2,46.15,31.845
403,20,17,1,47.2,976.95,52.1,30.23
404,21,17,1,46.0,978.0,58.35,27.965
405,22,17,1,44.0,979.35,60.8,26.83
406,23,17,1,41.5,980.1,66.95,25.475
407,24,17,1,39.7,979.9,64.85,25.05
408,1,18,1,39.0,979.3,65.0,24.785
409,2,18,1,38.0,979.2,68.1,24.0
410,3,18,1,37.5,978.7,70.45,23.385
411,4,18,1,37.6,978.3,72.85,23.16
412,5,18,1,38.1,978.4,75.5,22.595
413,6,18,1,38.6,978.65,78.8,22.145
414,7,18,1,33.3,979.0,80.35,21.95
415,8,18,1,32.0,979.55,78.8,22.415
416,9,18,1,14.4,980.65,75.2,24.435
417,10,18,1,14.5,981.45,72.75,26.755
418,11,18,1,15.3,981.75,73.25,28.22
419,12,18,1,15.2,981.1,68.3,30.42
420,13,18,1,15.1,980.1,62.7,32.035
421,14,18,1,14.2,979.15,60.8,31.305
422,15,18,1,15.4,978.15,59.85,32.175
423,16,18,1,16.2,977.55,60.05,31.755
424,17,18,1,15.8,977.1,61.0,31.46
425,18,18,1,17.3,977.45,63.05,30.495
426,19,18,1,46.6,978.15,66.65,29.435
427,20,18,1,43.8,978.9,71.0,28.405
428,21,18,1,51.8,980.55,72.35,26.77
429,22,18,1,45.1,981.2,83.75,24.15
430,23,18,1,41.2,981.5,83.45,24.1
431,24,18,1,38.9,981.15,84.35,23.63
432,1,19,1,38.0,980.75,81.75,22.885
433,2,19,1,37.0,980.2,81.0,23.075
434,3,19,1,35.8,980.1,84.0,22.07
435,4,19,1,36.2,979.8,87.55,21.64
436,5,19,1,36.3,979.8,87.85,21.615
437,6,19,1,37.4,980.05,88.55,21.59
438,7,19,1,35.7,980.45,89.9,21.925
439,8,19,1,34.1,981.05,91.7,22.25
440,9,19,1,13.2,982.05,93.35,23.175
441,10,19,1,13.3,982.6,89.1,25.82
442,11,19,1,13.6,982.55,79.15,28.87
443,12,19,1,13.6,981.9,68.85,30.155
444,13,19,1,13.8,980.9,61.25,32.275
445,14,19,1,14.6,980.0,51.5,33.925
446,15,19,1,14.4,979.05,53.3,32.745
447,16,19,1,14.8,978.3,55.15,32.755
448,17,19,1,15.0,977.9,55.1,33.26
449,18,19,1,14.6,978.05,56.95,31.88
450,19,19,1,43.4,978.75,61.05,30.455
451,20,19,1,44.9,979.15,65.55,29.375
452,21,19,1,50.9,980.15,65.05,28.155
453,22,19,1,46.6,981.35,67.4,26.88
454,23,19,1,39.4,981.8,68.25,26.205
455,24,19,1,38.0,981.6,71.3,26.095
456,1,20,1,33.9,981.7,74.65,25.6
457,2,20,1,31.3,982.1,79.0,24.24
458,3,20,1,30.9,981.8,85.8,23.15
459,4,20,1,33.1,981.1,87.1,22.97
460,5,20,1,34.2,981.25,87.75,22.51
461,6,20,1,35.4,981.55,90.1,22.225
462,7,20,1,36.1,981.55,91.25,21.89
463,8,20,1,32.2,982.35,91.25,22.815
464,9,20,1,12.7,983.1,86.45,24.73
465,10,20,1,12.0,983.35,73.6,27.52
466,11,20,1,12.0,983.0,45.2,29.725
467,12,20,1,12.5,982.7,32.55,31.025
468,13,20,1,13.1,981.8,27.7,31.74
469,14,20,1,13.8,980.85,24.7,33.22
470,15,20,1,14.4,979.6,22.9,34.375
471,16,20,1,14.4,978.75,22.75,33.525
472,17,20,1,14.6,978.65,24.15,32.445
473,18,20,1,43.3,979.05,24.35,31.66
474,19,20,1,46.0,979.7,25.1,30.205
475,20,20,1,47.7,980.3,24.85,28.695
476,21,20,1,47.6,981.2,29.2,27.345
477,22,20,1,44.5,981.85,34.4,26.255
478,23,20,1,40.7,981.85,36.65,25.355
479,24,20,1,39.3,981.7,41.95,24.18
480,1,21,1,36.7,981.5,43.4,23.845
481,2,21,1,35.6,981.0,44.75,23.135
482,3,21,1,33.9,980.65,50.7,22.155
483,4,21,1,33.8,980.15,49.8,21.64
484,5,21,1,37.2,980.4,46.6,22.585
485,6,21,1,41.3,981.0,49.25,21.51
486,7,21,1,34.9,981.65,63.85,21.345
487,8,21,1,29.9,982.0,70.1,21.665
488,9,21,1,26.8,982.75,82.3,22.44
489,10,21,1,29.5,983.15,82.95,26.64
490,11,21,1,30.0,983.3,56.35,29.38
491,12,21,1,31.1,982.35,40.7,31.245
492,13,21,1,30.0,981.2,34.15,32.39
493,14,21,1,31.1,980.05,29.1,33.375
494,15,21,1,31.7,978.8,24.8,34.415
495,16,21,1,33.2,977.9,23.05,34.97
496,17,21,1,33.9,977.7,18.15,34.15
497,18,21,1,36.3,977.95,18.15,33.38
498,19,21,1,44.8,978.45,23.3,29.705
499,20,21,1,46.4,979.05,27.3,27.985
500,21,21,1,45.4,980.05,29.5,26.755
501,22,21,1,42.5,980.9,36.3,26.795
502,23,21,1,39.2,980.85,45.35,26.38
503,24,21,1,38.6,980.65,50.55,24.535
504,1,22,1,37.4,980.35,52.75,24.945
505,2,22,1,36.0,979.85,50.25,25.26
506,3,22,1,35.2,979.3,52.0,24.195
507,4,22,1,35.0,978.95,54.55,23.76
508,5,22,1,36.8,979.25,57.15,23.065
509,6,22,1,40.4,979.6,63.4,22.285
510,7,22,1,32.0,980.0,70.7,21.475
511,8,22,1,29.3,980.85,83.1,21.57
512,9,22,1,30.0,981.8,86.0,23.545
513,10,22,1,30.5,982.15,75.95,26.72
514,11,22,1,31.0,981.85,61.8,30.105
515,12,22,1,30.7,981.05,41.55,32.505
516,13,22,1,28.3,979.95,26.55,34.39
517,14,22,1,28.7,979.1,21.8,35.53
518,15,22,1,30.6,978.0,19.2,35.585
519,16,22,1,32.0,977.25,18.3,36.46
520,17,22,1,33.9,977.15,17.6,34.98
521,18,22,1,36.0,977.2,17.65,33.76
522,19,22,1,45.6,977.8,23.75,30.05
523,20,22,1,47.4,978.15,26.45,28.33
524,21,22,1,47.4,978.4,33.0,27.785
525,22,22,1,43.4,979.35,51.0,26.83
526,23,22,1,40.0,979.75,56.7,26.465
527,24,22,1,37.0,979.6,56.2,26.135
528,1,23,1,36.0,979.7,54.8,25.1
529,2,23,1,34.7,979.4,57.2,23.915
530,3,23,1,34.0,979.3,62.35,23.23
531,4,23,1,34.9,978.95,79.85,22.355
532,5,23,1,36.7,979.25,86.45,21.865
533,6,23,1,41.2,980.0,88.1,21.07
534,7,23,1,33.6,980.45,86.85,21.595
535,8,23,1,29.6,981.4,92.45,21.33
536,9,23,1,29.0,982.15,94.6,22.925
537,10,23,1,29.5,982.0,85.85,25.955
538,11,23,1,29.9,981.85,56.2,29.715
539,12,23,1,29.2,981.05,33.7,31.905
540,13,23,1,27.9,979.9,27.15,33.11
541,14,23,1,29.2,978.7,28.55,34.985
542,15,23,1,29.8,977.65,26.0,35.06
543,16,23,1,33.5,976.75,22.2,35.385
544,17,23,1,34.8,976.5,18.5,34.795
545,18,23,1,36.1,976.85,17.2,33.955
546,19,23,1,45.0,977.4,22.5,30.22
547,20,23,1,47.3,978.05,39.0,28.34
548,21,23,1,45.7,979.05,45.3,27.52
549,22,23,1,42.9,980.0,52.1,25.345
550,23,23,1,40.1,980.1,55.0,24.935
551,24,23,1,37.8,980.2,57.2,23.975
552,1,24,1,35.6,979.9,59.85,24.05
553,2,24,1,34.8,979.5,64.45,23.51
554,3,24,1,34.4,979.1,68.0,22.945
555,4,24,1,33.7,978.85,72.95,22.405
556,5,24,1,35.9,978.85,78.7,22.105
557,6,24,1,40.9,979.3,87.7,22.82
558,7,24,1,33.7,979.6,89.75,22.24
559,8,24,1,30.1,980.05,89.95,22.635
560,9,24,1,30.3,980.9,90.0,24.375
561,10,24,1,30.1,981.4,84.15,26.16
562,11,24,1,30.7,980.75,74.75,28.585
563,12,24,1,31.1,979.95,68.0,29.64
564,13,24,1,32.1,978.9,59.55,31.93
565,14,24,1,32.0,978.0,51.8,32.13
566,15,24,1,33.6,976.75,45.4,33.625
567,16,24,1,35.0,976.3,42.05,33.875
568,17,24,1,35.3,976.25,43.4,33.25
569,18,24,1,37.0,976.85,46.65,32.215
570,19,24,1,45.8,977.5,51.45,30.52
571,20,24,1,48.1,978.3,55.6,29.765
572,21,24,1,47.5,979.3,57.1,28.78
573,22,24,1,46.1,980.2,60.05,27.65
574,23,24,1,45.2,980.4,62.9,26.96
575,24,24,1,44.5,980.1,66.3,26.025
576,1,25,1,41.3,980.15,67.35,26.145
577,2,25,1,40.6,979.85,75.55,25.185
578,3,25,1,40.0,979.45,81.3,24.92
579,4,25,1,40.2,978.9,84.95,24.5
580,5,25,1,40.8,978.7,89.45,24.005
581,6,25,1,42.4,978.9,92.55,24.17
582,7,25,1,35.7,979.5,93.35,24.12
583,8,25,1,31.8,980.25,93.6,24.17
585,10,25,1,10.5,981.4,88.25,26.425
586,11,25,1,11.2,981.4,80.8,28.235
587,12,25,1,11.3,981.0,73.5,30.405
588,13,25,1,11.3,979.7,65.9,32.175
589,14,25,1,11.4,978.6,56.9,33.63
590,15,25,1,11.7,977.45,52.6,33.135
591,16,25,1,12.0,976.55,50.1,34.23
592,17,25,1,11.9,976.3,48.75,33.73
593,18,25,1,42.9,976.45,52.15,32.765
594,19,25,1,50.2,977.05,56.0,31.52
595,20,25,1,26.3,977.95,60.7,30.42
596,21,25,1,54.2,978.85,64.75,29.79
597,22,25,1,46.8,979.5,68.55,28.715
598,23,25,1,42.6,979.55,72.7,27.69
599,24,25,1,41.2,979.75,75.15,27.025
600,1,26,1,39.9,979.65,76.85,27.0
601,2,26,1,38.8,979.4,80.65,26.415
602,3,26,1,38.4,979.15,84.75,24.98
603,4,26,1,37.5,979.1,87.35,24.39
604,5,26,1,37.5,979.2,89.6,24.015
605,6,26,1,39.1,980.1,91.35,23.625
606,7,26,1,37.5,981.0,91.8,24.17
607,8,26,1,34.8,981.6,91.6,24.52
609,10,26,1,10.4,983.05,86.5,26.635
610,11,26,1,11.1,983.05,81.0,28.765
611,12,26,1,11.3,982.35,71.25,31.83
612,13,26,1,11.4,981.15,58.1,33.09
613,14,26,1,11.4,980.0,45.1,34.255
614,15,26,1,11.4,978.8,39.85,35.8
615,16,26,1,11.6,977.7,35.25,36.515
616,17,26,1,12.1,977.0,33.9,35.05
617,18,26,1,12.3,976.95,31.7,34.985
618,19,26,1,51.4,977.65,38.6,31.335
619,20,26,1,43.5,978.3,47.45,29.67
620,21,26,1,53.0,979.05,51.95,28.095
621,22,26,1,45.9,980.05,54.5,27.345
622,23,26,1,41.5,980.5,57.75,25.95
624,1,27,1,37.8,980.45,61.95,24.595
625,2,27,1,34.3,980.25,64.15,24.39
626,3,27,1,33.4,980.2,67.0,23.125
627,4,27,1,34.1,980.2,76.45,22.345
628,5,27,1,35.3,980.15,84.75,22.36
629,6,27,1,37.6,980.6,90.1,22.67
630,7,27,1,40.1,981.1,92.2,20.95
631,8,27,1,36.1,981.85,93.3,22.43
632,9,27,1,30.3,982.3,91.05,25.31
633,10,27,1,29.1,982.55,79.55,27.83
634,11,27,1,29.8,982.15,61.5,30.335
635,12,27,1,30.4,981.15,36.6,32.23
636,13,27,1,29.1,979.9,32.2,32.845
637,14,27,1,27.8,978.8,27.95,34.545
638,15,27,1,33.4,977.85,20.25,36.08
639,16,27,1,34.4,977.0,15.1,35.73
640,17,27,1,34.8,976.35,14.05,35.16
641,18,27,1,36.7,976.4,15.55,33.29
642,19,27,1,46.0,976.8,20.2,29.555
643,20,27,1,47.5,977.6,22.55,27.42
644,21,27,1,47.9,978.5,24.1,27.015
645,22,27,1,45.7,979.25,31.85,26.405
646,23,27,1,39.3,979.75,40.05,24.63
647,24,27,1,37.1,980.0,42.85,24.17
648,1,28,1,35.4,979.85,47.45,23.245
649,2,28,1,34.9,979.4,49.35,24.06
650,3,28,1,21.1,979.05,53.3,22.59
651,4,28,1,34.6,978.85,62.5,21.51
652,5,28,1,34.8,979.0,71.45,22.07
653,6,28,1,35.9,979.95,81.15,22.055
654,7,28,1,31.1,980.8,90.05,21.435
655,8,28,1,29.5,981.6,92.4,20.89
656,9,28,1,29.5,982.3,93.15,22.465
657,10,28,1,30.3,982.45,88.15,25.82
658,11,28,1,30.6,982.0,74.75,28.25
659,12,28,1,31.1,981.35,60.55,30.885
660,13,28,1,30.5,980.1,44.85,33.175
661,14,28,1,31.4,978.8,38.25,33.925
662,15,28,1,28.2,977.45,36.15,34.28
663,16,28,1,33.0,976.2,33.35,34.18
664,17,28,1,33.8,975.95,34.75,33.59
665,18,28,1,35.8,976.0,39.9,32.46
666,19,28,1,45.5,976.7,44.75,30.81
667,20,28,1,48.9,977.55,49.25,29.19
668,21,28,1,47.1,978.7,52.45,28.595
669,22,28,1,43.8,979.55,56.05,27.725
670,23,28,1,40.5,979.9,59.3,27.345
671,24,28,1,39.6,979.85,61.9,27.0
672,1,29,1,37.8,979.5,65.05,25.79
673,2,29,1,36.8,979.05,68.7,24.425
674,3,29,1,35.8,978.4,74.8,23.255
675,4,29,1,35.4,978.0,79.7,22.93
676,5,29,1,37.6,978.1,83.55,22.92
677,6,29,1,39.7,978.55,86.05,22.39
678,7,29,1,32.2,979.05,90.55,22.36
679,8,29,1,29.4,980.0,92.8,22.43
680,9,29,1,29.4,980.95,93.6,23.255
681,10,29,1,29.1,981.45,91.8,24.665
682,11,29,1,29.6,981.4,81.05,27.48
683,12,29,1,30.2,980.65,69.6,30.73
684,13,29,1,30.5,979.5,59.55,32.615
686,15,29,1,36.0,977.05,40.55,34.63
687,16,29,1,32.7,976.0,36.75,35.275
688,17,29,1,34.6,975.45,36.8,34.215
689,18,29,1,39.1,975.5,38.6,33.81
690,19,29,1,46.7,976.05,42.15,31.435
691,20,29,1,47.9,976.8,47.7,30.08
692,21,29,1,44.2,977.75,51.7,29.4
693,22,29,1,45.7,978.5,53.0,28.77
694,23,29,1,40.3,978.95,53.25,28.1
695,24,29,1,39.6,979.15,58.7,26.135
696,1,30,1,38.2,978.85,63.35,25.56
697,2,30,1,37.0,978.5,67.9,25.415
698,3,30,1,39.0,977.95,74.45,23.82
699,4,30,1,39.0,977.6,83.55,23.82
700,5,30,1,40.9,977.7,89.05,23.655
701,6,30,1,41.4,978.5,89.5,24.23
702,7,30,1,35.4,979.25,88.25,24.29
703,8,30,1,31.4,980.1,88.65,24.435
704,9,30,1,31.6,980.7,86.8,26.29
705,10,30,1,32.5,981.45,78.9,28.425
706,11,30,1,32.8,981.3,70.35,30.625
707,12,30,1,35.8,980.35,61.0,32.885
708,13,30,1,35.4,979.0,46.1,34.135
709,14,30,1,29.3,977.7,34.6,34.92
710,15,30,1,32.0,976.5,29.25,36.12
711,16,30,1,34.3,975.5,26.8,36.66
712,17,30,1,35.0,974.95,26.8,35.65
713,18,30,1,38.0,974.95,28.25,34.85
714,19,30,1,45.6,975.45,33.4,31.525
715,20,30,1,47.8,976.1,38.75,29.775
716,21,30,1,47.7,977.1,44.0,29.925
717,22,30,1,44.6,978.2,48.65,28.385
718,23,30,1,43.2,979.0,54.0,26.915
719,24,30,1,43.6,979.3,57.8,26.82
720,1,31,1,42.4,979.3,59.45,26.785
721,2,31,1,41.3,979.1,69.75,25.5
722,3,31,1,40.4,978.5,78.15,24.53
723,4,31,1,42.1,978.25,83.1,24.335
724,5,31,1,42.2,978.2,86.45,24.655
725,6,31,1,42.1,978.65,88.4,24.65
726,7,31,1,35.0,979.05,89.45,24.895
727,8,31,1,31.6,979.9,89.35,25.195
728,9,31,1,32.5,980.65,88.55,25.695
729,10,31,1,33.0,981.2,84.95,27.285
730,11,31,1,33.8,980.7,74.85,29.34
731,12,31,1,33.6,980.25,67.55,30.645
732,13,31,1,33.6,979.3,59.35,32.94
733,14,31,1,33.6,978.05,53.15,33.885
734,15,31,1,34.8,976.75,49.0,34.755
735,16,31,1,36.4,975.9,46.9,34.31
736,17,31,1,36.3,975.35,45.25,34.72
737,18,31,1,38.6,975.3,45.4,34.215
738,19,31,1,47.3,975.9,49.45,31.965
739,20,31,1,47.4,976.75,57.2,30.065
740,21,31,1,47.5,977.7,58.6,29.04
741,22,31,1,46.7,978.9,59.85,28.195
742,23,31,1,43.8,979.3,63.6,27.69
743,24,31,1,41.4,979.75,67.75,27.05
744,1,1,2,39.7,979.65,73.95,26.21
745,2,1,2,38.8,979.05,77.55,25.45
746,3,1,2,38.1,978.45,80.55,24.835
747,4,1,2,37.7,978.45,82.05,24.64
748,5,1,2,38.9,978.55,83.75,24.565
749,6,1,2,42.5,978.85,86.45,23.885
750,7,1,2,35.6,979.25,88.75,23.135
751,8,1,2,32.5,979.95,90.15,23.69
752,9,1,2,32.4,980.9,86.95,25.465
753,10,1,2,33.3,981.2,81.65,28.15
754,11,1,2,33.7,981.05,72.3,30.37
755,12,1,2,34.7,980.5,64.8,32.305
756,13,1,2,34.8,979.35,58.65,33.13
757,14,1,2,34.9,978.05,55.2,33.76
759,16,1,2,36.7,975.95,48.95,35.57
760,17,1,2,36.4,975.5,47.7,34.52
761,18,1,2,37.4,975.45,49.1,33.97
762,19,1,2,46.8,976.1,52.4,32.565
763,20,1,2,47.4,976.9,62.5,30.485
764,21,1,2,34.1,977.7,67.1,29.615
765,22,1,2,23.1,979.85,86.7,20.27
766,23,1,2,23.1,979.4,97.45,22.05
767,24,1,2,23.3,979.2,91.4,23.795
768,1,2,2,23.6,979.8,90.1,24.015
769,2,2,2,23.5,979.55,91.45,23.425
770,3,2,2,22.0,978.75,90.1,23.26
771,4,2,2,23.3,978.85,91.45,22.25
772,5,2,2,24.0,978.65,93.05,22.11
773,6,2,2,24.4,979.25,93.15,22.03
774,7,2,2,24.0,979.6,93.35,21.875
775,8,2,2,24.1,980.05,93.75,22.55
778,11,2,2,9.2,981.5,84.75,27.375
779,12,2,2,9.5,981.15,81.15,28.505
780,13,2,2,9.7,980.2,74.9,30.19
782,15,2,2,9.8,977.5,67.7,31.865
783,16,2,2,10.0,976.35,64.15,32.575
784,17,2,2,10.5,975.85,62.35,30.445
785,18,2,2,11.3,976.0,78.2,25.32
786,19,2,2,34.2,976.6,86.05,25.33
787,20,2,2,31.8,977.8,82.65,24.475
788,21,2,2,33.2,980.15,84.9,24.24
789,22,2,2,31.3,981.4,88.45,23.6
790,23,2,2,31.1,981.95,89.9,22.515
791,24,2,2,30.8,981.25,91.8,22.145
792,1,3,2,28.0,980.1,91.45,22.21
793,2,3,2,27.2,979.85,92.7,21.985
794,3,3,2,26.6,979.3,93.5,21.745
795,4,3,2,26.0,979.0,94.25,21.64
796,5,3,2,26.0,979.1,94.95,21.4
797,6,3,2,26.4,979.0,95.35,21.27
798,7,3,2,24.8,979.35,95.8,21.195
799,8,3,2,23.7,979.8,96.15,21.39
800,9,3,2,8.7,980.3,94.75,23.27
801,10,3,2,8.8,980.7,89.9,25.26
802,11,3,2,9.0,980.65,80.85,28.01
803,12,3,2,9.2,980.0,70.7,30.72
804,13,3,2,9.8,978.9,59.85,32.045
805,14,3,2,10.2,977.95,50.55,33.215
806,15,3,2,10.8,976.85,49.4,32.81
807,16,3,2,10.7,976.05,52.25,32.2
808,17,3,2,10.8,975.55,50.85,32.56
809,18,3,2,11.3,975.4,51.3,31.855
810,19,3,2,25.0,975.8,58.35,29.85
811,20,3,2,36.5,976.5,69.25,28.33
812,21,3,2,27.1,977.35,74.7,27.405
813,22,3,2,24.7,978.1,77.15,26.67
814,23,3,2,20.1,978.35,78.95,26.205
815,24,3,2,21.3,978.55,81.8,25.955
816,1,4,2,20.4,978.6,84.7,25.635
817,2,4,2,19.6,978.2,86.85,25.355
818,3,4,2,19.7,977.9,87.65,24.8
819,4,4,2,20.5,977.8,89.85,24.27
820,5,4,2,21.6,977.85,92.0,23.965
821,6,4,2,22.1,978.3,93.6,23.435
822,7,4,2,18.1,979.15,94.3,23.665
823,8,4,2,16.6,979.8,94.45,23.91
824,9,4,2,16.4,980.75,94.15,24.365
825,10,4,2,16.0,981.5,92.65,25.175
826,11,4,2,16.6,981.55,86.8,27.36
827,12,4,2,16.2,981.25,84.3,27.545
828,13,4,2,23.6,980.4,78.95,29.04
829,14,4,2,30.9,979.35,73.95,30.17
830,15,4,2,30.6,978.15,67.95,31.47
831,16,4,2,37.5,977.05,64.15,31.97
832,17,4,2,37.5,976.45,62.3,32.125
833,18,4,2,40.9,976.5,63.45,30.95
834,19,4,2,48.2,977.05,69.25,29.475
835,20,4,2,45.6,978.1,74.0,28.52
836,21,4,2,49.2,979.3,76.7,27.995
837,22,4,2,46.1,979.9,78.55,27.8
838,23,4,2,42.5,980.7,79.6,27.27
839,24,4,2,40.5,980.8,81.2,26.87
840,1,5,2,38.8,980.65,85.95,25.49
841,2,5,2,38.0,979.9,90.0,24.98
842,3,5,2,37.6,979.35,91.75,24.56
843,4,5,2,38.3,978.95,93.15,24.0
844,5,5,2,39.5,979.25,94.1,23.81
845,6,5,2,42.7,979.85,94.55,23.535
846,7,5,2,35.9,981.1,95.15,23.615
847,8,5,2,33.3,981.9,95.4,23.7
848,9,5,2,32.9,983.2,94.8,23.41
849,10,5,2,34.7,983.6,93.0,24.4
850,11,5,2,35.3,982.05,82.05,28.355
851,12,5,2,29.6,980.55,61.25,31.69
852,13,5,2,32.3,979.35,53.85,33.42
853,14,5,2,33.3,978.45,52.35,33.955
854,15,5,2,35.0,977.3,49.85,33.415
855,16,5,2,37.0,976.3,46.25,35.315
856,17,5,2,37.4,975.95,48.3,33.64
857,18,5,2,37.5,976.15,48.55,33.305
858,19,5,2,46.0,976.7,49.95,31.345
859,20,5,2,47.4,977.8,55.0,29.355
860,21,5,2,51.9,979.15,60.9,29.065
861,22,5,2,46.1,979.95,74.75,27.885
862,23,5,2,41.0,980.55,78.65,27.11
863,24,5,2,39.8,980.4,81.35,26.465
864,1,6,2,39.4,979.95,82.85,25.985
865,2,6,2,38.0,979.55,84.95,25.415
866,3,6,2,37.4,978.95,87.05,25.115
867,4,6,2,36.2,978.45,89.15,24.41
868,5,6,2,37.8,978.25,90.45,24.435
869,6,6,2,40.8,978.45,91.75,23.99
870,7,6,2,33.4,979.05,93.55,23.785
871,8,6,2,31.2,979.6,93.95,24.255
872,9,6,2,28.9,980.35,91.45,26.06
873,10,6,2,31.6,980.75,82.8,28.21
874,11,6,2,33.1,980.55,74.05,30.255
875,12,6,2,27.6,979.75,67.9,32.035
876,13,6,2,27.9,978.6,61.35,33.205
878,15,6,2,27.4,976.3,51.5,34.455
881,18,6,2,43.1,975.1,48.85,33.495
882,19,6,2,44.8,975.55,53.6,31.74
883,20,6,2,48.2,976.65,60.25,30.605
884,21,6,2,43.7,977.6,60.35,29.47
885,22,6,2,38.8,978.2,65.5,28.67
886,23,6,2,35.9,978.35,70.2,27.79
887,24,6,2,35.0,978.5,73.75,26.615
888,1,7,2,34.0,978.1,81.5,25.115
889,2,7,2,33.0,977.5,84.6,24.445
890,3,7,2,31.8,977.2,86.05,23.765
891,4,7,2,31.5,977.0,86.95,23.055
892,5,7,2,33.2,976.95,87.0,22.55
893,6,7,2,35.0,977.2,86.7,22.385
894,7,7,2,28.5,977.95,89.0,22.345
895,8,7,2,31.2,978.9,90.45,22.55
896,9,7,2,32.7,979.5,89.15,24.56
897,10,7,2,34.1,979.7,83.8,27.885
898,11,7,2,34.0,979.45,72.1,30.56
899,12,7,2,34.1,978.95,59.95,31.945
900,13,7,2,34.0,977.95,50.75,33.42
901,14,7,2,35.2,976.7,41.55,34.38
902,15,7,2,36.1,975.65,35.05,35.81
903,16,7,2,37.2,974.8,29.2,35.945
904,17,7,2,37.2,974.45,28.3,34.97
905,18,7,2,37.8,974.45,27.2,33.39
906,19,7,2,47.0,975.15,48.8,30.925
907,20,7,2,48.4,976.1,59.35,29.59
908,21,7,2,52.4,976.95,62.75,28.31
909,22,7,2,50.8,977.6,64.2,27.775
910,23,7,2,43.5,977.95,66.05,26.89
911,24,7,2,41.3,978.05,67.2,26.975
912,1,8,2,38.5,977.95,69.6,26.425
913,2,8,2,37.7,977.75,72.3,25.6
914,3,8,2,37.3,977.45,76.65,25.005
915,4,8,2,37.2,977.3,80.7,24.555
916,5,8,2,38.8,977.45,86.05,23.315
917,6,8,2,41.8,977.8,89.7,23.055
918,7,8,2,36.8,978.35,92.4,23.1
919,8,8,2,32.7,979.15,94.1,23.075
920,9,8,2,32.5,979.85,94.95,23.64
921,10,8,2,32.2,980.5,95.15,24.11
922,11,8,2,32.4,980.65,94.35,24.88
923,12,8,2,32.3,980.65,92.15,25.395
924,13,8,2,32.0,980.05,88.45,26.805
925,14,8,2,33.3,979.1,82.55,27.99
926,15,8,2,34.4,977.8,76.5,29.36
927,16,8,2,35.9,976.75,68.5,30.75
928,17,8,2,36.7,976.25,64.8,30.77
929,18,8,2,36.5,975.9,64.15,30.595
930,19,8,2,46.2,975.8,68.25,28.855
931,20,8,2,47.3,976.4,74.6,27.285
932,21,8,2,52.5,977.25,78.3,26.72
933,22,8,2,46.8,978.1,80.25,26.51
934,23,8,2,42.8,978.6,81.15,26.245
935,24,8,2,40.1,978.85,83.0,25.755
936,1,9,2,38.6,978.95,83.8,25.575
937,2,9,2,37.8,978.4,85.1,25.305
938,3,9,2,36.9,978.05,88.05,24.51
939,4,9,2,36.7,977.5,88.35,24.75
940,5,9,2,36.7,977.5,89.25,24.485
941,6,9,2,37.5,977.85,90.9,24.085
942,7,9,2,34.2,978.45,92.25,23.99
943,8,9,2,33.4,978.9,93.0,24.18
944,9,9,2,31.5,979.55,91.65,26.66
945,10,9,2,32.9,979.85,85.45,28.195
946,11,9,2,33.4,979.75,77.75,30.055
947,12,9,2,33.8,979.35,68.85,31.805
948,13,9,2,33.6,978.55,55.4,33.08
949,14,9,2,33.5,977.45,48.65,33.495
950,15,9,2,37.4,976.4,45.6,34.56
951,16,9,2,35.2,975.45,42.8,34.85
952,17,9,2,35.5,974.9,42.25,34.85
953,18,9,2,37.7,974.75,43.6,34.19
954,19,9,2,47.3,975.3,50.2,32.28
955,20,9,2,50.9,976.55,47.25,31.37
956,21,9,2,47.6,977.35,57.05,29.855
957,22,9,2,47.0,977.95,64.7,28.92
958,23,9,2,42.1,978.2,65.9,28.755
959,24,9,2,40.3,978.4,68.25,27.715
960,1,10,2,15.2,978.15,68.75,27.185
961,2,10,2,38.4,977.95,62.2,26.06
962,3,10,2,37.0,977.7,75.95,25.355
963,4,10,2,36.6,977.75,81.0,24.375
964,5,10,2,37.1,977.7,86.6,23.175
965,6,10,2,37.3,978.1,90.15,22.48
966,7,10,2,36.4,978.9,90.8,21.52
967,8,10,2,35.4,979.65,78.1,21.965
968,9,10,2,29.9,980.25,62.75,24.485
969,10,10,2,28.3,980.5,43.1,26.695
970,11,10,2,28.5,980.15,31.05,29.23
971,12,10,2,28.8,979.7,32.8,31.745
972,13,10,2,30.5,978.55,29.2,33.575
973,14,10,2,33.1,977.45,23.9,35.035
974,15,10,2,34.6,976.1,19.95,35.7
975,16,10,2,38.5,975.1,18.8,35.945
976,17,10,2,38.8,974.65,17.8,35.265
977,18,10,2,40.1,974.65,19.6,33.695
978,19,10,2,46.3,975.3,22.05,31.375
979,20,10,2,47.7,976.2,24.9,28.595
980,21,10,2,46.4,977.0,28.4,26.68
981,22,10,2,43.0,977.7,30.55,25.84
982,23,10,2,42.5,978.05,32.45,25.09
983,24,10,2,42.0,978.3,32.2,24.545
984,1,11,2,37.7,978.15,31.0,24.215
985,2,11,2,36.0,977.85,33.8,22.835
986,3,11,2,34.8,977.6,35.9,21.94
987,4,11,2,35.0,977.45,36.95,21.505
988,5,11,2,35.7,977.55,41.25,20.03
989,6,11,2,40.2,977.85,38.85,20.815
990,7,11,2,32.4,978.7,42.4,19.02
991,8,11,2,27.9,979.5,45.25,20.09
992,9,11,2,29.2,979.9,36.0,24.705
994,11,11,2,29.9,980.3,25.45,29.52
995,12,11,2,30.7,980.05,24.1,31.64
996,13,11,2,30.1,978.85,21.75,33.955
997,14,11,2,32.0,977.7,19.75,34.6
998,15,11,2,33.6,976.7,18.35,35.225
999,16,11,2,39.2,975.85,17.55,35.315
1000,17,11,2,34.5,975.3,16.8,34.85
1001,18,11,2,37.9,975.35,18.05,33.42
1002,19,11,2,45.8,975.95,20.65,31.065
1003,20,11,2,47.2,976.55,20.6,29.85
1004,21,11,2,46.7,977.55,25.05,26.87
1005,22,11,2,44.1,978.5,28.55,26.135
1006,23,11,2,39.5,979.05,30.5,25.1
1007,24,11,2,37.9,979.4,28.4,25.295
1008,1,12,2,36.5,979.2,30.45,23.535
1009,2,12,2,35.5,978.75,35.3,23.35
1010,3,12,2,35.0,978.35,38.75,22.05
1011,4,12,2,35.4,978.25,41.15,22.01
1012,5,12,2,30.0,977.95,37.1,21.84
1013,6,12,2,34.3,978.0,40.55,20.52
1014,7,12,2,34.5,978.45,44.45,20.165
1015,8,12,2,30.2,979.3,42.15,21.19
1016,9,12,2,16.2,979.95,37.15,23.775
1017,10,12,2,15.9,980.55,31.25,26.0
1018,11,12,2,16.2,980.7,26.05,28.93
1019,12,12,2,16.8,980.3,21.15,31.6
1020,13,12,2,17.0,979.25,18.75,33.38
1021,14,12,2,16.9,978.25,17.7,33.77
1022,15,12,2,17.5,977.15,16.65,34.68
1023,16,12,2,32.1,976.35,16.3,34.585
1024,17,12,2,34.4,976.2,16.25,34.15
1025,18,12,2,36.1,976.35,18.2,32.295
1026,19,12,2,44.6,977.05,20.7,29.345
1027,20,12,2,51.1,977.85,22.45,27.93
1028,21,12,2,46.3,978.75,25.1,27.0
1029,22,12,2,41.7,979.65,27.6,25.66
1030,23,12,2,38.5,980.1,31.1,24.46
1031,24,12,2,33.6,979.9,29.85,24.46
1032,1,13,2,32.2,979.75,29.5,24.085
1033,2,13,2,31.4,979.4,31.5,23.025
1034,3,13,2,31.1,978.9,34.05,22.33
1035,4,13,2,32.8,978.9,36.15,21.605
1036,5,13,2,34.7,978.85,36.7,21.25
1037,6,13,2,36.7,979.05,37.35,20.915
1038,7,13,2,33.0,979.45,37.75,20.58
1039,8,13,2,29.5,980.3,37.6,21.655
1040,9,13,2,28.9,980.85,31.9,24.96
1041,10,13,2,30.2,981.25,25.6,27.21
1042,11,13,2,29.6,981.2,24.0,29.24
1043,12,13,2,30.0,980.7,25.15,31.05
1044,13,13,2,30.6,979.85,23.1,32.655
1045,14,13,2,31.4,979.0,18.75,33.77
1046,15,13,2,32.8,977.85,17.75,34.36
1047,16,13,2,35.4,977.05,16.9,34.425
1048,17,13,2,35.7,976.85,16.65,34.47
1049,18,13,2,37.6,977.15,18.6,33.055
1050,19,13,2,45.6,977.75,26.25,29.54
1051,20,13,2,50.9,978.55,30.6,27.9
1052,21,13,2,38.6,979.45,33.7,27.025
1053,22,13,2,45.7,980.3,36.25,26.205
1054,23,13,2,43.4,980.7,37.6,25.66
1055,24,13,2,40.0,980.75,36.9,25.21
1056,1,14,2,39.2,980.6,36.65,25.175
1057,2,14,2,37.0,980.2,39.8,23.88
1058,3,14,2,33.8,979.85,44.0,22.765
1059,4,14,2,33.6,979.6,40.3,24.05
1060,5,14,2,35.5,979.85,45.8,22.72
1061,6,14,2,40.1,980.1,50.85,22.06
1062,7,14,2,33.3,980.65,57.9,21.69
1063,8,14,2,30.1,981.65,71.45,22.0
1064,9,14,2,30.1,982.7,70.9,22.895
1065,10,14,2,30.7,983.2,75.2,25.22
1066,11,14,2,31.4,983.3,76.9,27.125
1067,12,14,2,31.9,982.8,67.6,30.195
1068,13,14,2,32.3,981.55,53.1,32.075
1069,14,14,2,31.8,980.3,40.6,33.965
1070,15,14,2,34.0,979.25,33.75,34.535
1071,16,14,2,35.5,978.15,29.55,34.94
1072,17,14,2,36.8,977.65,30.65,34.295
1073,18,14,2,37.0,977.8,32.0,33.655
1074,19,14,2,39.7,978.35,36.7,30.7
1075,20,14,2,51.0,979.25,43.05,28.905
1076,21,14,2,51.5,980.35,43.2,28.62
1077,22,14,2,47.6,981.4,45.7,27.42
1078,23,14,2,40.6,981.95,53.6,26.265
1079,24,14,2,39.3,981.85,52.35,26.39
1080,1,15,2,38.8,981.8,53.6,25.76
1081,2,15,2,38.2,981.4,55.75,26.035
1082,3,15,2,37.3,981.15,57.45,24.845
1083,4,15,2,37.1,981.3,64.1,23.555
1084,5,15,2,38.9,981.2,72.45,24.365
1085,6,15,2,40.4,981.5,84.65,24.04
1086,7,15,2,34.7,982.45,87.75,23.48
1087,8,15,2,31.9,983.6,90.8,23.77
1088,9,15,2,31.8,984.4,92.05,24.4
1089,10,15,2,32.4,984.8,86.85,27.04
1090,11,15,2,20.8,984.45,75.3,29.365
1091,12,15,2,20.9,983.4,58.1,31.355
1092,13,15,2,20.9,981.9,45.8,33.0
1093,14,15,2,16.5,980.45,40.05,34.43
1094,15,15,2,16.8,979.2,27.2,36.32
1095,16,15,2,40.7,978.15,23.9,36.175
1096,17,15,2,41.1,977.8,24.9,35.705
1097,18,15,2,42.4,977.85,21.7,34.535
1098,19,15,2,46.7,978.25,20.55,31.82
1099,20,15,2,47.0,979.1,23.4,29.27
1100,21,15,2,48.0,979.85,27.35,28.31
1101,22,15,2,50.3,980.55,30.45,27.775
1102,23,15,2,45.5,980.9,29.55,27.27
1103,24,15,2,39.6,981.1,31.5,26.29
1104,1,16,2,36.8,980.75,35.95,25.415
1105,2,16,2,36.8,980.3,40.7,24.245
1106,3,16,2,35.5,979.9,43.85,23.555
1107,4,16,2,35.2,979.7,46.85,22.54
1108,5,16,2,35.2,979.6,48.1,22.11
1109,6,16,2,36.3,980.1,53.85,21.775
1110,7,16,2,33.2,980.7,82.45,20.985
1111,8,16,2,32.7,981.2,91.65,20.795
1112,9,16,2,32.5,982.05,95.45,21.615
1113,10,16,2,32.5,982.7,94.0,25.435
1114,11,16,2,32.5,982.8,52.75,30.4
1115,12,16,2,31.6,982.25,39.25,32.42
1116,13,16,2,33.6,981.1,38.25,32.895
1117,14,16,2,31.7,979.7,32.4,34.545
1118,15,16,2,31.5,978.2,24.85,35.61
1119,16,16,2,37.3,977.2,17.7,36.81
1120,17,16,2,38.2,976.75,15.4,36.185
1121,18,16,2,40.0,976.75,16.6,34.81
1122,19,16,2,45.4,977.1,20.25,31.825
1123,20,16,2,47.2,977.9,23.35,29.475
1124,21,16,2,47.8,978.95,23.8,28.26
1125,22,16,2,45.0,979.8,25.55,28.11
1126,23,16,2,40.7,980.15,29.05,28.62
1127,24,16,2,38.6,980.45,42.4,28.43
1128,1,17,2,37.3,980.45,48.45,25.48
1129,2,17,2,35.9,980.6,51.75,24.485
1130,3,17,2,35.4,980.35,68.35,24.895
1131,4,17,2,35.1,980.15,85.25,24.765
1132,5,17,2,36.8,979.95,88.95,24.29
1133,6,17,2,36.5,980.7,90.7,23.63
1134,7,17,2,36.5,981.0,90.4,22.025
1135,8,17,2,38.1,981.5,87.8,23.22
1136,9,17,2,33.6,982.2,86.75,25.54
1137,10,17,2,33.1,982.55,83.75,28.15
1138,11,17,2,34.7,982.4,73.85,30.13
1139,12,17,2,37.1,981.8,60.05,32.315
1140,13,17,2,36.8,980.7,47.8,34.03
1141,14,17,2,35.8,979.3,41.9,34.6
1142,15,17,2,37.9,977.8,36.45,35.84
1143,16,17,2,36.0,976.65,33.65,36.525
1144,17,17,2,36.8,976.3,32.7,35.37
1145,18,17,2,37.9,976.35,33.05,34.915
1146,19,17,2,46.3,976.85,37.1,32.23
1147,20,17,2,49.0,977.75,42.55,30.76
1148,21,17,2,49.9,978.6,43.3,30.13
1149,22,17,2,48.7,979.85,47.95,28.945
1150,23,17,2,47.0,980.45,53.4,27.565
1151,24,17,2,44.9,980.4,54.4,27.175
1152,1,18,2,43.7,979.95,55.8,27.275
1153,2,18,2,42.8,979.6,61.1,26.24
1154,3,18,2,42.2,979.35,78.85,25.735
1155,4,18,2,42.6,978.95,85.85,25.115
1156,5,18,2,43.0,978.85,88.95,24.64
1157,6,18,2,44.6,979.2,91.4,24.46
1158,7,18,2,33.4,979.65,93.05,24.45
1159,8,18,2,31.7,980.3,94.05,24.97
1160,9,18,2,32.3,981.35,93.3,25.915
1161,10,18,2,32.7,981.65,86.85,27.825
1162,11,18,2,33.4,981.45,77.35,29.215
1163,12,18,2,34.0,980.9,71.25,30.525
1164,13,18,2,34.0,979.8,61.25,32.725
1165,14,18,2,18.8,978.5,53.85,33.995
1166,15,18,2,28.9,977.0,46.8,35.01
1167,16,18,2,39.3,975.8,45.8,34.655
1168,17,18,2,43.0,975.0,44.55,34.84
1169,18,18,2,43.4,974.95,45.85,33.94
1170,19,18,2,48.1,975.85,51.95,32.475
1171,20,18,2,47.7,976.8,58.15,30.635
1172,21,18,2,46.7,977.75,62.0,29.79
1173,22,18,2,48.2,978.85,65.7,29.39
1174,23,18,2,46.1,979.25,69.95,28.555
1175,24,18,2,41.0,979.1,74.15,27.41
1176,1,19,2,42.8,978.8,76.65,26.73
1177,2,19,2,42.5,978.4,80.35,25.695
1178,3,19,2,41.1,978.0,82.45,25.175
1179,4,19,2,40.8,977.75,84.7,24.63
1180,5,19,2,42.3,977.85,85.7,24.605
1181,6,19,2,44.7,977.7,86.15,24.33
1182,7,19,2,35.2,978.05,87.3,24.315
1183,8,19,2,32.9,978.75,88.75,24.29
1184,9,19,2,33.3,979.5,86.0,26.245
1185,10,19,2,34.0,980.2,79.7,27.965
1186,11,19,2,34.8,979.85,70.5,30.445
1187,12,19,2,35.2,979.05,63.55,31.665
1188,13,19,2,35.1,977.8,57.4,32.92
1189,14,19,2,33.1,976.5,51.95,34.255
1190,15,19,2,41.0,975.35,44.15,35.265
1191,16,19,2,42.2,974.4,43.2,35.38
1192,17,19,2,42.5,973.7,44.25,34.545
1193,18,19,2,43.0,973.7,44.0,34.11
1194,19,19,2,47.8,974.35,46.9,32.435
1195,20,19,2,41.7,975.05,57.2,30.21
1196,21,19,2,46.5,976.55,53.85,29.79
1197,22,19,2,45.3,977.4,57.7,28.555
1198,23,19,2,44.7,977.9,63.7,27.91
1199,24,19,2,39.8,978.25,68.75,27.41
1200,1,20,2,38.9,978.75,71.55,26.015
1201,2,20,2,37.9,978.25,75.05,25.585
1202,3,20,2,37.5,977.6,73.0,25.31
1203,4,20,2,39.4,977.15,72.95,24.955
1204,5,20,2,40.9,977.05,76.2,24.195
1205,6,20,2,42.4,977.1,78.8,23.725
1206,7,20,2,34.2,978.0,80.95,23.495
1207,8,20,2,32.4,978.7,82.15,23.555
1208,9,20,2,31.8,979.65,81.85,24.36
1209,10,20,2,29.5,980.4,76.35,26.085
1210,11,20,2,30.7,981.05,68.85,27.47
1211,12,20,2,29.0,980.7,59.9,29.91
1212,13,20,2,29.9,979.5,53.9,31.51
1213,14,20,2,28.3,978.4,51.35,32.37
1214,15,20,2,34.3,977.25,49.1,33.155
1215,16,20,2,36.0,976.55,48.9,33.09
1216,17,20,2,36.8,976.15,49.4,32.68
1217,18,20,2,36.4,976.1,50.35,32.175
1218,19,20,2,45.5,976.55,52.7,30.575
1219,20,20,2,45.5,977.35,55.6,29.35
1220,21,20,2,44.9,978.5,55.8,29.065
1221,22,20,2,45.2,979.45,55.35,28.435
1222,23,20,2,41.6,979.95,56.35,27.79
1223,24,20,2,39.4,980.35,56.6,27.95
1224,1,21,2,37.8,980.25,60.8,26.81
1225,2,21,2,36.7,979.6,63.75,26.33
1226,3,21,2,36.7,979.05,69.4,25.745
1227,4,21,2,37.1,978.8,74.5,25.465
1228,5,21,2,37.8,979.35,77.35,24.92
1229,6,21,2,40.2,979.9,79.85,24.365
1230,7,21,2,34.2,980.35,82.6,24.125
1232,9,21,2,31.9,981.3,77.2,26.145
1233,10,21,2,32.7,981.75,69.6,29.03
1234,11,21,2,33.3,981.65,59.5,31.41
1235,12,21,2,33.6,980.85,46.5,34.07
1236,13,21,2,34.2,979.95,41.2,34.085
1237,14,21,2,37.5,979.1,41.7,34.49
1238,15,21,2,37.8,978.4,37.6,34.31
1239,16,21,2,29.6,978.0,37.65,34.955
1240,17,21,2,38.1,977.5,35.9,33.945
1241,18,21,2,39.3,977.6,37.55,33.355
1242,19,21,2,46.5,977.95,37.3,31.86
1243,20,21,2,45.6,978.8,41.8,30.355
1244,21,21,2,41.9,979.95,43.6,30.07
1245,22,21,2,45.6,980.75,46.65,29.59
1246,23,21,2,43.1,981.15,57.9,27.875
1247,24,21,2,42.4,981.25,62.85,27.36
1248,1,22,2,41.2,980.75,64.9,26.575
1249,2,22,2,40.2,980.15,66.95,26.19
1250,3,22,2,38.6,979.7,67.4,25.575
1251,4,22,2,38.6,979.95,74.55,24.555
1252,5,22,2,39.7,979.95,80.85,24.205
1253,6,22,2,41.8,980.15,86.0,24.1
1254,7,22,2,38.0,980.9,88.65,23.99
1255,8,22,2,36.0,981.65,90.1,24.33
1256,9,22,2,36.7,982.55,89.5,25.1
1257,10,22,2,37.5,983.35,85.25,26.55
1258,11,22,2,37.3,983.3,76.4,28.815
1259,12,22,2,23.9,982.05,66.5,32.335
1260,13,22,2,25.3,980.5,53.1,33.895
1261,14,22,2,24.9,979.35,40.25,35.84
1262,15,22,2,28.8,978.1,35.45,36.445
1263,16,22,2,34.3,977.1,32.75,37.115
1264,17,22,2,37.4,976.65,29.7,36.375
1265,18,22,2,38.3,976.7,30.1,35.57
1266,19,22,2,39.4,977.15,32.65,33.72
1267,20,22,2,43.2,977.95,39.4,31.355
1268,21,22,2,44.0,978.95,45.0,29.56
1269,22,22,2,44.6,979.7,48.95,28.68
1270,23,22,2,42.9,980.0,50.75,29.05
1271,24,22,2,42.2,980.2,53.15,27.89
1272,1,23,2,41.6,980.05,58.55,27.01
1273,2,23,2,40.8,979.6,69.05,25.805
1274,3,23,2,40.2,978.95,80.8,24.785
1275,4,23,2,39.4,978.7,87.75,24.435
1276,5,23,2,40.7,978.8,90.3,24.71
1277,6,23,2,38.2,979.15,89.85,24.98
1278,7,23,2,35.1,979.8,89.15,24.82
1279,8,23,2,34.3,980.7,89.3,25.075
1280,9,23,2,33.9,981.75,87.45,26.83
1281,10,23,2,34.4,982.3,80.6,28.92
1282,11,23,2,34.7,982.15,70.45,30.46
1283,12,23,2,35.5,981.3,58.5,32.505
1285,14,23,2,21.3,978.6,43.0,34.945
1286,15,23,2,37.7,977.3,38.4,36.2
1287,16,23,2,34.3,976.4,37.0,35.905
1288,17,23,2,35.4,975.75,36.5,35.595
1289,18,23,2,37.2,975.65,36.6,34.945
1290,19,23,2,47.1,975.75,41.4,32.715
1291,20,23,2,50.6,976.4,48.6,30.305
1292,21,23,2,49.8,976.85,53.55,28.655
1293,22,23,2,48.1,977.35,55.05,28.99
1294,23,23,2,44.0,977.85,57.3,28.27
1295,24,23,2,41.9,978.0,57.85,27.9
1296,1,24,2,39.0,978.1,65.5,26.89
1297,2,24,2,39.6,977.8,72.1,26.305
1298,3,24,2,38.1,977.15,77.75,25.525
1299,4,24,2,38.1,976.95,83.85,25.005
1300,5,24,2,38.4,976.9,85.25,24.505
1301,6,24,2,39.7,977.2,88.2,24.185
1302,7,24,2,37.9,978.15,89.4,24.505
1303,8,24,2,36.8,979.25,89.45,25.14
1304,9,24,2,33.1,979.95,85.55,26.965
1305,10,24,2,31.3,980.5,79.25,28.72
1306,11,24,2,31.8,980.2,69.05,30.84
1307,12,24,2,33.0,979.35,56.75,32.915
1308,13,24,2,35.0,978.1,44.95,34.525
1309,14,24,2,33.0,977.0,39.35,35.64
1310,15,24,2,36.9,975.8,41.25,37.0
1311,16,24,2,36.9,974.7,41.3,35.635
1312,17,24,2,38.2,974.5,40.35,35.715
1313,18,24,2,38.4,975.15,42.75,34.65
1314,19,24,2,47.5,975.45,44.9,33.08
1315,20,24,2,48.6,976.2,49.85,31.625
1316,21,24,2,52.9,977.25,53.5,28.705
1317,22,24,2,48.5,977.9,56.15,28.705
1318,23,24,2,43.1,978.15,61.05,28.235
1319,24,24,2,42.1,978.2,69.4,27.455
1320,1,25,2,40.0,978.0,71.35,26.865
1321,2,25,2,39.6,977.45,76.2,26.06
1322,3,25,2,38.6,976.9,81.15,25.09
1323,4,25,2,38.0,976.75,83.8,24.52
1324,5,25,2,39.2,976.55,85.9,24.075
1325,6,25,2,42.7,976.9,87.7,24.095
1326,7,25,2,36.5,977.45,89.45,24.085
1327,8,25,2,33.2,978.25,91.1,24.41
1328,9,25,2,33.7,978.8,90.75,24.905
1329,10,25,2,35.9,979.15,87.05,25.94
1330,11,25,2,36.7,979.3,79.5,27.935
1331,12,25,2,37.6,978.8,68.9,31.845
1332,13,25,2,38.0,977.6,51.9,33.35
1333,14,25,2,38.4,976.1,40.75,35.29
1334,15,25,2,35.7,975.1,35.15,36.255
1335,16,25,2,40.8,974.5,33.75,35.795
1336,17,25,2,37.7,974.4,32.7,36.175
1337,18,25,2,38.9,974.65,33.0,35.595
1338,19,25,2,47.9,975.35,35.0,33.835
1339,20,25,2,34.3,976.5,43.5,31.805
1340,21,25,2,33.7,978.05,67.95,28.26
1341,22,25,2,48.3,979.0,76.55,26.78
1342,23,25,2,41.6,979.45,77.2,25.965
1343,24,25,2,38.8,979.1,77.45,25.225
1344,1,26,2,38.6,978.2,81.45,24.505
1345,2,26,2,38.0,977.75,81.5,24.085
1346,3,26,2,37.9,977.4,82.25,23.845
1347,4,26,2,38.2,977.3,84.2,23.385
1348,5,26,2,39.9,977.35,86.6,23.185
1349,6,26,2,41.1,977.75,87.65,23.11
1350,7,26,2,34.4,978.5,88.75,22.92
1351,8,26,2,19.9,979.45,89.15,23.58
1353,10,26,2,29.6,980.85,73.9,28.565
1354,11,26,2,32.5,980.75,65.9,30.42
1355,12,26,2,32.8,979.75,57.5,32.135
1356,13,26,2,33.9,978.55,47.3,34.2
1357,14,26,2,35.1,977.35,39.4,35.425
1359,16,26,2,37.4,975.5,30.6,36.66
1360,17,26,2,38.6,975.2,28.35,35.475
1361,18,26,2,41.9,975.5,25.05,34.625
1362,19,26,2,46.7,975.85,25.65,32.435
1363,20,26,2,48.7,977.05,29.2,30.065
1364,21,26,2,49.3,977.95,27.75,30.045
1365,22,26,2,45.7,978.45,26.0,29.505
1366,23,26,2,43.3,978.6,27.6,28.085
1367,24,26,2,42.0,978.35,28.45,26.98
1368,1,27,2,42.8,978.2,33.2,25.335
1369,2,27,2,42.4,977.7,33.5,24.845
1370,3,27,2,42.1,977.6,36.0,24.795
1371,4,27,2,41.9,977.85,46.6,23.45
1372,5,27,2,42.0,978.05,72.5,22.73
1373,6,27,2,43.0,978.65,80.6,22.385
1374,7,27,2,36.8,979.75,84.15,22.745
1375,8,27,2,32.9,980.8,86.95,23.945
1377,10,27,2,18.0,981.6,76.35,28.535
1378,11,27,2,18.5,981.85,64.15,31.18
1379,12,27,2,18.6,981.05,40.25,33.26
1380,13,27,2,18.7,979.8,33.35,34.985
1381,14,27,2,18.9,978.4,25.9,35.715
1382,15,27,2,19.4,977.2,24.6,36.05
1383,16,27,2,20.0,976.45,22.15,36.53
1384,17,27,2,20.3,976.1,17.5,35.89
1385,18,27,2,20.1,976.4,14.6,35.18
1386,19,27,2,25.4,976.8,15.55,32.44
1387,20,27,2,26.5,977.65,17.5,31.025
1388,21,27,2,26.1,978.55,19.35,28.865
1389,22,27,2,25.2,979.15,20.05,28.73
1390,23,27,2,23.6,979.75,19.4,28.665
1391,24,27,2,23.2,979.85,21.35,27.79
1392,1,28,2,21.8,979.75,23.6,27.455
1393,2,28,2,21.4,979.35,44.7,26.44
1394,3,28,2,21.0,978.85,65.55,25.94
1395,4,28,2,20.6,978.75,72.0,24.885
1396,5,28,2,21.1,978.9,75.9,24.015
1397,6,28,2,22.1,979.35,81.65,23.92
1398,7,28,2,16.6,979.95,87.75,23.305
1399,8,28,2,16.2,981.1,89.75,23.655
1400,9,28,2,17.6,982.05,86.85,26.295
1401,10,28,2,18.0,982.2,62.7,30.23
1402,11,28,2,18.4,981.9,29.35,31.905
1403,12,28,2,18.9,981.2,26.3,33.605
1404,13,28,2,18.9,980.15,26.5,34.955
1405,14,28,2,19.1,979.05,16.45,36.48
1406,15,28,2,19.5,977.95,13.5,35.77
1407,16,28,2,19.6,976.95,12.85,36.905
1408,17,28,2,19.9,976.45,13.15,35.8
1409,18,28,2,20.3,976.7,14.4,34.19
1410,19,28,2,25.5,977.45,16.35,32.075
1411,20,28,2,26.1,978.6,18.2,30.645
1412,21,28,2,25.9,979.75,18.9,29.84
1413,22,28,2,24.7,980.45,19.05,29.5
1414,23,28,2,23.0,980.8,20.5,28.615
1415,24,28,2,22.3,980.95,21.6,27.8
1416,1,1,3,21.8,980.8,21.95,26.675
1417,2,1,3,21.2,980.7,23.6,26.575
1418,3,1,3,20.8,980.65,31.7,24.3
1419,4,1,3,20.2,980.65,36.95,23.085
1420,5,1,3,21.0,980.8,46.45,22.895
1421,6,1,3,21.1,980.85,70.0,22.595
1422,7,1,3,20.4,981.3,81.6,22.14
1423,8,1,3,16.5,982.1,86.55,22.91
1424,9,1,3,17.5,983.05,86.6,24.92
1425,10,1,3,17.3,983.4,55.0,28.02
1426,11,1,3,17.6,983.9,30.6,29.59
1427,12,1,3,17.6,983.3,35.5,29.655
1428,13,1,3,18.1,982.15,32.55,31.525
1429,14,1,3,16.9,981.15,18.85,32.46
1430,15,1,3,18.7,980.35,18.15,32.54
1431,16,1,3,18.8,979.7,17.05,32.42
1432,17,1,3,18.7,979.45,15.35,31.915
1433,18,1,3,19.1,979.65,14.85,31.51
1434,19,1,3,24.4,980.25,19.75,29.27
1435,20,1,3,25.3,980.85,25.15,27.295
1436,21,1,3,25.4,981.5,26.4,27.03
1437,22,1,3,24.4,981.9,30.3,26.61
1438,23,1,3,22.7,982.1,35.0,26.425
1439,24,1,3,21.4,981.95,43.15,24.68
1440,1,2,3,20.1,981.6,49.7,23.665
1441,2,2,3,19.6,980.8,53.45,23.565
1442,3,2,3,19.6,980.3,56.5,22.93
1443,4,2,3,18.9,980.2,62.3,21.7
1444,5,2,3,18.8,980.2,60.75,21.415
1445,6,2,3,19.4,980.6,56.45,20.32
1446,7,2,3,16.8,981.15,60.65,20.845
1447,8,2,3,16.4,981.6,59.35,22.645
1448,9,2,3,16.1,982.55,44.8,25.155
1449,10,2,3,16.7,983.0,29.55,28.645
1450,11,2,3,17.0,983.1,19.7,30.94
1451,12,2,3,16.8,982.5,19.8,32.605
1452,13,2,3,11.0,981.2,15.35,34.97
1453,14,2,3,16.9,979.9,13.55,36.12
1454,15,2,3,17.8,978.75,13.35,35.13
1455,16,2,3,18.1,977.9,14.35,35.795
1456,17,2,3,18.5,977.75,14.35,35.3
1457,18,2,3,19.3,978.0,14.95,34.135
1458,19,2,3,24.3,978.5,16.0,32.395
1459,20,2,3,25.7,979.3,17.2,30.9
1460,21,2,3,25.9,980.1,18.95,29.195
1461,22,2,3,25.1,980.85,21.7,27.985
1462,23,2,3,23.2,981.45,23.55,27.25
1463,24,2,3,22.2,981.4,23.3,27.31
1464,1,3,3,21.2,980.95,23.8,27.01
1465,2,3,3,20.8,980.25,25.85,25.66
1466,3,3,3,20.3,979.55,33.75,24.605
1467,4,3,3,19.9,979.3,47.75,23.7
1468,5,3,3,19.9,979.45,53.5,22.815
1469,6,3,3,20.7,980.15,59.65,21.985
1470,7,3,3,17.8,981.25,69.8,21.33
1471,8,3,3,17.2,981.9,68.35,22.035
1472,9,3,3,16.4,982.8,69.15,25.49
1473,10,3,3,15.9,983.05,66.9,28.58
1474,11,3,3,15.8,982.75,49.1,31.935
1475,12,3,3,16.5,981.85,34.25,33.735
1476,13,3,3,15.1,980.55,23.75,34.755
1477,14,3,3,17.8,979.35,20.55,35.89
1478,15,3,3,18.8,978.2,22.05,36.945
1479,16,3,3,18.2,977.25,19.65,36.93
1480,17,3,3,19.3,976.9,15.75,36.685
1481,18,3,3,19.8,976.85,14.1,35.425
1482,19,3,3,23.1,977.3,16.5,32.385
1483,20,3,3,26.0,978.1,18.55,30.205
1484,21,3,3,26.3,979.25,18.9,29.29
1485,22,3,3,24.2,980.1,19.0,28.845
1486,23,3,3,23.4,980.5,18.7,28.185
1487,24,3,3,20.9,980.4,19.95,27.015
1488,1,4,3,20.0,980.6,33.0,25.95
1489,2,4,3,19.4,980.05,54.25,24.485
1490,3,4,3,18.9,979.4,72.0,24.425
1491,4,4,3,18.7,979.2,82.5,24.35
1492,5,4,3,18.5,979.35,87.1,23.86
1493,6,4,3,18.5,979.95,88.45,23.375
1494,7,4,3,17.4,981.45,88.85,23.23
1495,8,4,3,16.5,981.7,88.2,24.28
1496,9,4,3,17.4,981.85,83.4,26.59
1497,10,4,3,17.5,982.0,72.7,29.71
1498,11,4,3,17.9,981.75,59.8,31.905
1499,12,4,3,18.0,981.0,48.1,33.51
1500,13,4,3,18.0,980.0,39.05,35.555
1501,14,4,3,18.8,978.9,35.95,35.435
1502,15,4,3,19.3,977.75,32.95,36.135
1503,16,4,3,20.2,976.75,32.6,36.16
1504,17,4,3,20.2,976.25,32.0,36.35
1505,18,4,3,20.7,976.3,32.55,35.905
1506,19,4,3,25.9,977.0,34.55,33.825
1507,20,4,3,27.2,978.15,41.4,32.23
1508,21,4,3,26.8,978.9,44.95,31.38
1509,22,4,3,25.6,979.75,47.3,30.48
1510,23,4,3,23.7,980.65,55.6,28.58
1511,24,4,3,23.2,981.1,67.7,27.015
1512,1,5,3,22.4,981.05,74.45,26.0
1513,2,5,3,21.8,980.5,79.65,25.245
1514,3,5,3,20.9,979.75,83.0,24.795
1515,4,5,3,21.2,979.7,85.95,24.47
1516,5,5,3,21.9,979.6,88.3,24.135
1517,6,5,3,19.9,979.85,89.85,23.98
1518,7,5,3,18.4,980.3,90.5,24.075
1519,8,5,3,17.3,981.1,91.15,24.305
1520,9,5,3,17.8,981.75,88.35,26.49
1521,10,5,3,18.4,982.35,80.4,27.75
1522,11,5,3,18.9,982.2,71.4,30.64
1523,12,5,3,19.0,981.45,62.3,32.115
1524,13,5,3,19.5,980.15,53.35,33.91
1525,14,5,3,19.7,978.95,44.0,34.925
1526,15,5,3,19.9,977.65,36.95,35.905
1527,16,5,3,19.7,976.75,36.25,36.69
1528,17,5,3,20.3,976.3,31.2,36.43
1529,18,5,3,20.3,976.4,30.05,36.135
1530,19,5,3,26.2,976.95,34.15,34.035
1531,20,5,3,26.5,977.85,39.85,31.705
1532,21,5,3,26.4,978.65,42.45,30.165
1533,22,5,3,25.8,979.45,35.7,30.22
1534,23,5,3,24.5,979.85,36.4,29.2
1535,24,5,3,22.8,980.05,38.55,28.32
1536,1,6,3,22.3,979.95,40.15,27.49
1537,2,6,3,21.6,979.4,43.3,26.71
1538,3,6,3,21.4,979.0,57.7,24.885
1539,4,6,3,21.1,978.95,74.45,24.005
1540,5,6,3,20.8,979.25,80.35,22.845
1541,6,6,3,19.1,979.6,84.3,23.33
1542,7,6,3,17.8,980.3,88.65,24.06
1543,8,6,3,17.4,981.2,88.75,24.905
1544,9,6,3,17.7,981.9,85.35,26.455
1545,10,6,3,18.6,982.55,79.0,27.64
1546,11,6,3,18.3,982.35,67.2,30.62
1547,12,6,3,19.6,981.4,51.9,33.205
1548,13,6,3,18.6,979.95,37.6,35.675
1549,14,6,3,18.0,978.85,30.75,37.07
1550,15,6,3,16.2,977.95,22.4,38.365
1551,16,6,3,19.2,976.95,21.55,38.17
1552,17,6,3,19.5,976.35,22.3,37.645
1553,18,6,3,19.8,976.45,23.9,36.905
1554,19,6,3,25.1,976.95,27.25,33.82
1555,20,6,3,25.2,977.9,32.55,30.995
1556,21,6,3,25.8,979.0,36.2,30.635
1557,22,6,3,25.2,979.95,37.35,30.115
1558,23,6,3,24.4,980.35,41.7,28.83
1559,24,6,3,22.7,980.5,46.65,29.115
1560,1,7,3,21.5,980.55,60.85,27.05
1561,2,7,3,20.7,980.0,76.55,26.585
1562,3,7,3,20.3,979.3,83.6,26.325
1563,4,7,3,20.0,978.9,86.15,25.815
1564,5,7,3,20.6,979.1,88.15,25.54
1565,6,7,3,20.8,979.55,89.6,25.585
1566,7,7,3,20.8,980.15,89.9,25.525
1567,8,7,3,20.4,980.8,90.3,25.61
1568,9,7,3,18.5,981.55,89.3,26.46
1569,10,7,3,20.2,982.15,83.2,28.1
1570,11,7,3,19.9,982.0,71.7,30.76
1571,12,7,3,19.3,981.5,62.5,32.885
1572,13,7,3,18.0,980.5,53.45,34.19
1573,14,7,3,20.7,979.35,46.05,36.04
1574,15,7,3,21.7,978.15,40.15,35.45
1575,16,7,3,21.2,977.05,37.2,36.985
1576,17,7,3,21.9,976.15,34.05,37.18
1577,18,7,3,21.5,976.05,33.05,35.65
1578,19,7,3,25.9,976.95,41.75,32.825
1579,20,7,3,27.1,978.3,52.25,29.83
1580,21,7,3,27.0,979.35,60.75,28.64
1581,22,7,3,25.7,980.3,66.45,27.76
1582,23,7,3,24.4,980.8,72.15,26.94
1583,24,7,3,23.6,980.6,75.75,26.5
1584,1,8,3,22.4,980.3,78.0,26.035
1585,2,8,3,21.8,979.65,80.05,25.515
1586,3,8,3,21.4,979.05,82.6,24.845
1587,4,8,3,20.8,978.45,84.25,24.69
1588,5,8,3,20.8,978.45,85.55,24.495
1589,6,8,3,20.0,978.6,86.95,23.98
1590,7,8,3,17.8,979.25,89.35,23.295
1591,8,8,3,17.8,980.15,92.45,23.315
1592,9,8,3,18.2,980.75,92.4,24.955
1593,10,8,3,19.2,981.15,82.95,27.36
1594,11,8,3,20.3,981.1,73.25,29.63
1595,12,8,3,20.7,980.5,64.5,31.5
1596,13,8,3,20.5,979.5,61.25,32.515
1597,14,8,3,20.7,978.15,55.2,33.835
1598,15,8,3,20.8,976.85,52.0,35.075
1599,16,8,3,21.0,975.45,48.15,34.455
1600,17,8,3,20.8,974.3,49.6,34.045
1601,18,8,3,20.1,975.25,61.6,28.195
1602,19,8,3,24.0,976.2,80.05,24.705
1603,20,8,3,25.0,977.85,77.15,23.13
1604,21,8,3,25.0,978.5,87.1,22.955
1605,22,8,3,21.8,979.25,85.2,23.88
1606,23,8,3,19.8,980.6,87.75,23.555
1607,24,8,3,19.3,982.05,88.35,23.63
1608,1,9,3,18.1,981.55,90.5,22.74
1609,2,9,3,17.7,980.6,92.2,22.115
1610,3,9,3,17.7,979.35,92.7,22.32
1611,4,9,3,17.8,978.25,91.5,22.465
1612,5,9,3,17.7,978.35,92.0,22.17
1613,6,9,3,15.7,978.6,91.85,22.715
1614,7,9,3,15.3,978.9,89.85,22.525
1615,8,9,3,15.5,980.3,91.3,22.815
1616,9,9,3,15.5,981.65,88.9,23.46
1618,11,9,3,14.6,983.35,82.85,25.26
1619,12,9,3,16.2,982.75,76.65,27.745
1620,13,9,3,16.8,981.6,69.5,29.205
1621,14,9,3,17.7,980.25,60.7,31.395
1622,15,9,3,18.7,978.85,51.55,33.3
1623,16,9,3,19.0,977.75,47.5,33.64
1624,17,9,3,19.8,976.95,45.05,33.305
1625,18,9,3,20.4,977.0,52.1,31.5
1626,19,9,3,25.6,977.85,60.4,29.54
1627,20,9,3,26.5,978.35,63.25,28.855
1628,21,9,3,26.2,979.2,65.8,28.27
1629,22,9,3,23.5,980.35,68.9,27.2
1630,23,9,3,22.6,980.75,71.05,26.465
1631,24,9,3,21.7,980.8,73.6,25.93
1632,1,10,3,21.7,980.7,75.15,25.405
1633,2,10,3,21.0,980.0,76.0,25.125
1634,3,10,3,19.7,979.5,79.9,23.975
1635,4,10,3,19.7,979.35,84.85,23.05
1636,5,10,3,19.2,979.3,87.6,22.835
1637,6,10,3,20.3,979.4,88.25,22.85
1638,7,10,3,17.7,980.0,87.9,22.86
1639,8,10,3,17.4,980.95,87.4,24.28
1640,9,10,3,16.8,981.55,82.6,26.655
1641,10,10,3,16.1,982.0,73.8,29.215
1642,11,10,3,16.7,981.95,65.15,31.28
1643,12,10,3,16.8,981.5,58.55,33.11
1644,13,10,3,16.9,980.45,50.5,34.07
1645,14,10,3,18.4,979.35,48.05,34.15
1647,16,10,3,16.8,977.45,57.0,30.99
1648,17,10,3,18.4,977.5,62.15,29.525
1649,18,10,3,20.2,977.7,62.7,29.055
1650,19,10,3,24.4,979.15,78.35,24.39
1651,20,10,3,24.7,979.95,85.3,24.64
1652,21,10,3,25.3,981.35,82.55,25.455
1653,22,10,3,22.2,983.7,82.6,23.015
1654,23,10,3,20.8,984.9,90.5,22.725
1655,24,10,3,19.4,984.5,92.3,22.445
1656,1,11,3,19.1,983.85,93.2,22.155
1657,2,11,3,17.8,982.65,94.35,22.035
1658,3,11,3,17.5,982.0,95.15,22.06
1659,4,11,3,17.9,981.8,95.85,22.035
1660,5,11,3,18.5,981.95,96.6,21.77
1661,6,11,3,20.1,981.5,97.1,21.83
1662,7,11,3,16.6,981.15,97.25,21.715
1663,8,11,3,15.3,981.5,97.3,22.575
1664,9,11,3,16.6,982.2,95.65,25.735
1665,10,11,3,17.2,982.35,82.95,28.585
1666,11,11,3,16.8,982.35,68.7,31.245
1667,12,11,3,16.0,981.7,52.65,32.925
1668,13,11,3,17.4,980.6,42.4,33.34
1669,14,11,3,16.9,979.35,43.35,34.23
1670,15,11,3,18.9,978.2,39.05,34.89
1671,16,11,3,19.0,977.55,34.65,35.65
1672,17,11,3,19.7,977.05,34.9,35.26
1673,18,11,3,19.7,977.25,36.1,34.1
1674,19,11,3,25.6,977.9,40.45,31.7
1675,20,11,3,26.3,978.65,45.6,29.615
1676,21,11,3,26.1,979.3,47.85,28.51
1677,22,11,3,25.1,979.6,51.55,27.065
1678,23,11,3,21.0,979.7,53.85,26.185
1679,24,11,3,20.9,980.0,53.9,26.295
1680,1,12,3,20.5,979.7,58.35,25.145
1681,2,12,3,20.5,978.9,58.35,24.59
1682,3,12,3,20.4,978.0,58.6,24.705
1683,4,12,3,20.5,978.15,67.75,23.135
1684,5,12,3,20.9,978.4,76.4,22.605
1685,6,12,3,22.2,978.6,84.55,22.55
1686,7,12,3,18.6,979.4,88.55,22.465
1687,8,12,3,17.1,980.15,89.4,23.495
1688,9,12,3,17.6,981.0,86.6,25.83
1689,10,12,3,17.8,981.6,78.4,28.89
1690,11,12,3,18.0,981.9,67.85,31.065
1691,12,12,3,18.3,981.4,57.15,32.51
1692,13,12,3,18.1,980.25,45.3,33.97
1693,14,12,3,18.2,978.85,33.95,35.315
1694,15,12,3,18.9,977.8,28.25,35.8
1695,16,12,3,19.0,976.7,28.6,36.32
1696,17,12,3,16.5,976.25,22.35,36.4
1697,18,12,3,19.4,976.35,20.8,35.505
1698,19,12,3,24.4,976.65,27.7,31.56
1699,20,12,3,24.0,977.2,33.65,29.555
1700,21,12,3,25.4,978.15,36.2,27.785
1701,22,12,3,25.3,978.85,40.25,27.455
1702,23,12,3,23.9,979.15,42.85,27.1
1703,24,12,3,22.6,979.2,51.65,26.33
1704,1,13,3,21.1,978.85,60.5,25.32
1705,2,13,3,19.3,978.2,71.55,24.92
1706,3,13,3,18.9,977.6,82.8,23.965
1707,4,13,3,19.6,977.55,88.95,23.725
1708,5,13,3,20.5,978.25,91.35,23.785
1709,6,13,3,22.3,978.9,91.95,23.87
1710,7,13,3,17.5,979.5,92.4,23.75
1711,8,13,3,16.4,980.2,92.35,24.715
1712,9,13,3,17.9,980.75,90.05,26.48
1713,10,13,3,18.0,981.25,81.2,28.68
1714,11,13,3,18.7,981.15,69.8,30.8
1715,12,13,3,19.4,980.4,57.65,32.495
1716,13,13,3,19.0,979.2,43.55,33.9
1717,14,13,3,18.7,978.05,37.2,35.555
1718,15,13,3,19.5,976.8,36.15,35.315
1719,16,13,3,17.3,975.75,33.8,36.69
1720,17,13,3,20.4,975.25,29.3,36.335
1721,18,13,3,21.0,975.2,26.6,35.32
1722,19,13,3,23.4,975.4,33.1,32.08
1723,20,13,3,21.3,976.15,38.0,30.545
1724,21,13,3,20.4,977.1,43.65,29.825
1725,22,13,3,21.5,978.0,51.9,28.41
1726,23,13,3,23.0,978.15,57.0,27.815
1727,24,13,3,21.6,978.15,59.8,27.48
1728,1,14,3,19.9,978.1,61.05,27.125
1729,2,14,3,19.6,977.85,72.4,25.49
1730,3,14,3,19.2,977.3,81.35,24.69
1731,4,14,3,19.2,977.05,85.75,25.1
1732,5,14,3,20.1,977.1,87.7,25.38
1733,6,14,3,20.9,977.3,88.65,25.235
1734,7,14,3,17.1,977.95,90.0,24.825
1735,8,14,3,16.3,978.6,91.25,25.335
1736,9,14,3,17.2,979.35,88.5,26.77
1737,10,14,3,17.7,980.15,83.55,28.76
1740,13,14,3,18.5,978.15,55.8,33.705
1741,14,14,3,18.1,977.0,50.55,34.825
1742,15,14,3,19.7,975.75,41.3,35.65
1743,16,14,3,17.0,974.95,37.55,36.265
1744,17,14,3,18.0,974.7,36.05,35.86
1745,18,14,3,19.8,974.65,36.8,34.835
1746,19,14,3,25.8,975.1,41.7,33.03
1747,20,14,3,26.7,976.2,48.4,31.93
1748,21,14,3,26.7,977.0,50.4,31.33
1749,22,14,3,25.9,977.6,54.75,30.635
1750,23,14,3,25.0,978.05,62.1,29.03
1751,24,14,3,23.7,978.25,68.8,27.89
1752,1,15,3,23.1,978.0,72.55,26.905
1753,2,15,3,22.3,977.55,75.45,26.135
1754,3,15,3,21.7,976.8,77.2,25.49
1755,4,15,3,21.1,976.3,78.15,25.115
1756,5,15,3,21.9,976.25,80.15,24.59
1757,6,15,3,20.5,976.75,82.6,23.965
1758,7,15,3,17.0,978.05,83.8,23.76
1759,8,15,3,16.8,979.3,85.65,24.23
1760,9,15,3,17.3,979.75,77.1,27.27
1761,10,15,3,17.9,979.65,73.25,29.19
1762,11,15,3,11.0,980.05,68.4,30.745
1763,12,15,3,17.2,979.3,62.8,32.745
1764,13,15,3,17.4,978.05,59.3,33.485
1765,14,15,3,17.8,976.95,53.8,34.745
1766,15,15,3,18.1,976.0,52.5,34.445
1767,16,15,3,19.1,975.25,49.45,35.41
1768,17,15,3,18.5,974.85,47.8,34.875
1769,18,15,3,19.5,975.05,49.7,34.455
1770,19,15,3,23.9,975.9,55.6,31.285
1771,20,15,3,25.4,977.1,57.65,30.395
1772,21,15,3,27.0,977.95,59.8,29.51
1773,22,15,3,25.9,978.9,69.35,27.605
1774,23,15,3,23.9,979.2,68.4,25.405
1775,24,15,3,22.3,979.45,69.2,24.69
1776,1,16,3,21.2,978.9,72.4,24.095
1777,2,16,3,21.0,977.95,76.35,23.295
1778,3,16,3,20.9,977.05,80.85,22.91
1779,4,16,3,20.9,976.9,82.55,22.61
1780,5,16,3,20.7,976.9,84.7,22.455
1781,6,16,3,20.1,977.3,84.7,22.63
1782,7,16,3,16.9,978.15,85.4,22.42
1783,8,16,3,17.1,979.15,86.35,23.535
1784,9,16,3,16.9,980.05,86.9,26.21
1785,10,16,3,17.5,980.45,81.55,28.34
1786,11,16,3,17.8,980.6,72.8,29.83
1787,12,16,3,18.4,980.05,66.85,32.395
1788,13,16,3,19.0,978.75,61.25,33.34
1789,14,16,3,19.2,977.75,56.05,34.73
1790,15,16,3,19.6,976.9,52.8,34.24
1791,16,16,3,17.9,975.9,50.0,35.09
1792,17,16,3,11.2,975.0,47.65,33.295
1793,18,16,3,16.6,977.0,88.25,21.125
1794,19,16,3,20.7,976.95,97.55,23.39
1795,20,16,3,22.6,978.45,90.2,23.93
1796,21,16,3,21.7,978.6,84.9,24.155
1797,22,16,3,20.2,980.35,86.0,24.41
1798,23,16,3,19.3,981.85,87.05,24.04
1799,24,16,3,17.5,982.65,87.75,23.015
1800,1,17,3,16.8,981.9,90.55,22.945
1801,2,17,3,16.8,980.5,87.2,23.015
1802,3,17,3,16.6,978.8,88.7,22.87
1803,4,17,3,16.7,978.05,89.95,22.455
1804,5,17,3,16.9,979.2,91.95,22.455
1805,6,17,3,16.9,979.8,92.1,22.32
1806,7,17,3,15.9,980.6,92.95,22.3
1807,8,17,3,15.5,981.2,92.8,22.84
1808,9,17,3,15.2,982.05,90.9,23.46
1809,10,17,3,14.2,982.35,87.6,24.86
1810,11,17,3,14.2,982.55,82.1,25.405
1811,12,17,3,13.0,982.25,81.7,27.26
1812,13,17,3,15.7,980.8,78.75,28.835
1813,14,17,3,16.9,979.5,72.55,30.14
1814,15,17,3,17.7,978.1,67.05,32.655
1815,16,17,3,18.2,977.45,62.6,32.81
1816,17,17,3,18.5,977.3,62.45,32.035
1817,18,17,3,19.1,977.25,63.65,31.565
1819,20,17,3,24.1,978.3,71.25,28.52
1820,21,17,3,25.4,979.0,78.05,27.38
1821,22,17,3,23.7,979.5,81.65,26.94
1822,23,17,3,22.4,979.45,84.35,26.05
1823,24,17,3,20.7,979.45,87.35,25.32
1824,1,18,3,16.8,979.2,89.45,24.63
1825,2,18,3,16.8,978.5,91.1,24.305
1826,3,18,3,16.6,978.05,92.3,23.76
1827,4,18,3,16.7,977.45,93.8,23.685
1828,5,18,3,16.9,977.2,93.8,23.51
1829,6,18,3,16.9,977.35,94.5,23.305
1830,7,18,3,15.9,978.05,95.1,22.93
1831,8,18,3,15.5,979.05,95.35,23.785
1832,9,18,3,15.2,979.85,90.8,26.035
1833,10,18,3,14.2,980.3,79.65,28.69
1834,11,18,3,14.2,980.45,63.1,30.635
1835,12,18,3,13.0,980.0,60.6,30.495
1836,13,18,3,15.7,979.0,58.0,32.135
1837,14,18,3,16.9,978.0,50.65,33.445
1838,15,18,3,17.7,976.7,46.6,34.305
1839,16,18,3,18.2,975.9,42.6,35.37
1840,17,18,3,18.5,975.5,41.1,35.73
1841,18,18,3,19.1,975.4,44.45,34.075
1843,20,18,3,24.1,976.6,57.5,30.36
1844,21,18,3,25.4,977.15,61.0,29.24
1845,22,18,3,23.7,977.7,65.6,28.22
1846,23,18,3,22.4,978.25,70.35,27.445
1847,24,18,3,20.7,978.6,72.85,27.15
1848,1,19,3,21.5,978.3,76.3,26.415
1849,2,19,3,21.3,977.5,80.2,25.72
1850,3,19,3,20.6,977.15,83.75,25.09
1851,4,19,3,20.4,976.9,86.9,24.435
1852,5,19,3,21.2,977.2,89.6,24.075
1853,6,19,3,21.7,977.3,91.3,23.955
1854,7,19,3,17.1,977.65,92.25,23.725
1855,8,19,3,16.8,978.4,92.3,24.79
1856,9,19,3,16.8,979.3,89.9,26.085
1857,10,19,3,17.1,979.7,83.05,27.955
1858,11,19,3,17.5,979.85,73.85,29.655
1859,12,19,3,18.4,979.5,67.95,31.51
1860,13,19,3,18.3,978.75,63.05,31.725
1861,14,19,3,18.3,977.35,58.8,33.365
1862,15,19,3,14.9,976.1,55.65,33.675
1863,16,19,3,20.3,975.0,53.3,34.665
1864,17,19,3,20.5,974.05,51.65,34.625
1865,18,19,3,20.8,974.0,53.35,33.265
1866,19,19,3,26.4,974.6,60.4,31.69
1867,20,19,3,26.9,975.8,64.55,30.66
1868,21,19,3,27.1,976.95,69.7,29.575
1869,22,19,3,26.2,977.8,73.15,28.83
1870,23,19,3,24.7,978.35,75.35,28.085
1871,24,19,3,23.1,978.75,81.05,26.965
1872,1,20,3,20.9,978.75,80.65,25.915
1873,2,20,3,20.3,978.1,82.8,25.27
1874,3,20,3,20.2,977.65,82.65,25.11
1875,4,20,3,19.6,977.25,83.55,24.645
1876,5,20,3,20.7,977.4,84.8,24.355
1877,6,20,3,21.5,978.15,87.5,23.595
1878,7,20,3,17.7,978.8,88.4,23.86
1879,8,20,3,16.6,979.15,89.85,24.1
1880,9,20,3,17.2,980.0,86.7,26.675
1881,10,20,3,17.5,980.65,78.1,28.915
1882,11,20,3,16.9,980.55,72.3,30.33
1883,12,20,3,18.6,979.55,66.5,31.37
1884,13,20,3,17.7,978.65,66.2,31.05
1885,14,20,3,18.7,977.15,64.4,32.42
1886,15,20,3,19.3,976.05,59.8,33.98
1887,16,20,3,19.5,975.2,58.5,33.51
1888,17,20,3,19.9,974.3,58.85,33.26
1889,18,20,3,20.9,973.7,59.1,32.675
1890,19,20,3,25.5,974.4,62.7,31.31
1891,20,20,3,26.0,975.3,67.2,30.36
1892,21,20,3,26.5,976.3,70.15,29.865
1893,22,20,3,25.5,977.1,72.15,29.2
1894,23,20,3,24.7,977.85,75.6,28.335
1895,24,20,3,23.8,978.45,79.15,27.58
1896,1,21,3,23.3,978.15,83.15,27.04
1897,2,21,3,22.6,978.2,79.65,26.34
1898,3,21,3,22.1,977.6,77.05,25.065
1899,4,21,3,22.0,977.35,81.75,24.46
1900,5,21,3,22.0,977.85,79.4,24.65
1901,6,21,3,21.0,977.35,84.25,24.23
1902,7,21,3,18.4,977.4,89.45,23.75
1903,8,21,3,16.8,978.65,89.15,24.425
1904,9,21,3,16.9,979.5,85.0,25.11
1905,10,21,3,17.4,980.0,82.05,26.46
1906,11,21,3,19.2,979.85,77.8,28.52
1907,12,21,3,19.1,979.5,72.05,29.7
1908,13,21,3,18.5,978.4,69.6,30.165
1909,14,21,3,18.6,977.5,66.6,31.51
1910,15,21,3,16.0,976.2,61.25,32.14
1911,16,21,3,17.2,974.95,58.85,33.005
1912,17,21,3,18.1,974.45,59.05,29.605
1913,18,21,3,19.8,974.5,79.55,26.95
1914,19,21,3,24.9,975.05,78.8,27.325
1915,20,21,3,25.1,976.0,83.9,25.38
1916,21,21,3,24.7,977.35,87.2,24.87
1917,22,21,3,23.6,978.65,86.15,24.505
1918,23,21,3,22.1,978.75,85.35,24.075
1919,24,21,3,20.8,978.55,88.1,23.565
1920,1,22,3,20.5,978.5,89.05,23.86
1921,2,22,3,16.1,978.65,89.35,23.56
1922,3,22,3,18.4,977.8,92.1,22.87
1923,4,22,3,18.6,977.1,94.3,22.68
1924,5,22,3,19.2,977.25,95.55,22.575
1925,6,22,3,20.7,977.5,95.15,22.945
1926,7,22,3,17.6,978.35,94.05,23.005
1927,8,22,3,14.0,979.4,92.65,23.53
1928,9,22,3,16.0,980.45,90.85,24.24
1929,10,22,3,15.6,982.3,91.6,23.365
1930,11,22,3,6.9,982.3,93.9,23.665
1931,12,22,3,16.5,982.1,90.6,24.715
1932,13,22,3,16.5,981.4,88.9,25.05
1933,14,22,3,16.7,980.1,85.0,26.995
1934,15,22,3,17.3,977.9,72.75,29.755
1936,17,22,3,18.5,976.2,60.25,30.19
1937,18,22,3,19.5,976.3,64.2,29.36
1938,19,22,3,23.5,976.7,68.6,28.395
1939,20,22,3,23.9,977.35,72.7,27.69
1940,21,22,3,23.0,978.2,75.2,27.27
1941,22,22,3,23.2,978.95,77.5,26.67
1942,23,22,3,21.4,979.2,83.15,26.135
1943,24,22,3,19.8,979.65,85.5,25.78
1944,1,23,3,19.3,979.65,86.45,25.295
1945,2,23,3,18.5,978.9,88.75,24.665
1946,3,23,3,18.0,978.35,90.45,24.4
1947,4,23,3,18.2,978.35,92.2,23.87
1948,5,23,3,18.3,978.45,92.3,23.795
1949,6,23,3,16.9,978.65,92.8,23.59
1950,7,23,3,16.0,979.2,93.4,23.35
1951,8,23,3,16.0,979.7,93.25,24.3
1952,9,23,3,15.9,980.6,86.85,26.29
1953,10,23,3,16.8,981.3,78.05,27.84
1954,11,23,3,16.1,981.25,67.45,30.765
1955,12,23,3,17.1,980.35,58.25,32.64
1956,13,23,3,17.8,979.3,51.55,34.005
1957,14,23,3,18.2,978.15,47.25,35.265
1958,15,23,3,18.2,976.95,42.4,36.135
1959,16,23,3,18.6,976.2,42.0,35.7
1960,17,23,3,18.6,975.85,44.2,35.54
1961,18,23,3,20.1,976.0,47.45,33.76
1962,19,23,3,25.7,976.65,54.5,31.725
1963,20,23,3,27.0,977.15,59.65,30.41
1964,21,23,3,27.7,977.75,62.4,29.45
1965,22,23,3,26.8,978.4,63.9,29.025
1966,23,23,3,24.3,979.05,68.95,27.815
1967,24,23,3,22.7,979.3,71.8,27.69
1968,1,24,3,21.9,979.0,76.05,26.56
1969,2,24,3,21.2,978.65,81.25,25.405
1970,3,24,3,21.0,978.2,80.95,24.92
1971,4,24,3,20.8,977.6,83.8,24.48
1972,5,24,3,20.1,977.5,85.6,24.205
1973,6,24,3,19.1,977.8,88.15,23.855
1974,7,24,3,18.3,978.45,90.8,23.895
1975,8,24,3,17.3,979.4,91.45,24.495
1976,9,24,3,16.4,980.2,88.45,26.01
1977,10,24,3,15.8,980.5,81.9,28.31
1978,11,24,3,15.8,980.45,74.25,29.89
1979,12,24,3,15.8,979.85,69.3,31.14
1980,13,24,3,17.2,979.15,64.7,32.63
1981,14,24,3,17.4,977.9,56.95,33.745
1982,15,24,3,18.8,976.95,51.2,34.915
1983,16,24,3,17.9,976.3,47.85,35.555
1984,17,24,3,19.0,976.0,45.1,34.68
1985,18,24,3,20.1,976.05,56.95,33.015
1986,19,24,3,25.4,976.75,60.55,31.69
1987,20,24,3,27.0,977.7,63.9,30.535
1988,21,24,3,27.1,978.6,65.45,29.615
1989,22,24,3,25.3,979.2,68.15,28.89
1990,23,24,3,22.6,980.15,69.05,28.52
1991,24,24,3,20.8,980.8,74.05,26.77
1992,1,25,3,20.2,980.4,72.05,25.49
1993,2,25,3,19.8,979.25,72.8,25.26
1994,3,25,3,19.6,978.15,75.55,25.115
1995,4,25,3,19.6,977.45,79.55,24.8
1996,5,25,3,17.5,977.35,81.2,24.125
1997,6,25,3,19.2,978.25,81.65,23.485
1998,7,25,3,5.0,979.1,84.6,22.645
1999,8,25,3,14.3,979.7,82.4,24.485
2000,9,25,3,15.1,980.3,77.25,26.65
2001,10,25,3,15.2,981.05,66.85,28.255
2002,11,25,3,16.9,981.5,58.15,29.83
2003,12,25,3,16.4,980.8,50.0,31.42
2004,13,25,3,17.2,979.65,49.45,32.345
2005,14,25,3,17.7,978.4,51.35,32.155
2006,15,25,3,17.7,977.25,49.75,33.625
2007,16,25,3,18.4,976.7,48.1,33.745
2008,17,25,3,18.1,976.4,48.1,32.67
2009,18,25,3,19.6,976.65,57.7,30.81
2010,19,25,3,24.6,977.35,62.9,29.74
2011,20,25,3,25.5,978.3,67.35,28.905
2012,21,25,3,26.3,978.9,67.3,28.26
2013,22,25,3,25.3,979.45,68.8,27.495
2014,23,25,3,24.0,979.75,71.25,27.06
2015,24,25,3,22.8,979.7,73.7,26.365
2016,1,26,3,22.0,979.45,78.65,25.44
2017,2,26,3,21.5,978.8,79.65,25.2
2018,3,26,3,20.9,978.45,82.3,24.64
2019,4,26,3,20.1,978.35,85.05,24.4
2020,5,26,3,20.7,978.5,87.95,23.795
2021,6,26,3,20.0,978.85,89.45,23.41
2022,7,26,3,18.4,979.25,91.7,22.86
2023,8,26,3,16.4,979.95,91.35,24.475
2024,9,26,3,16.9,980.6,84.8,26.565
2025,10,26,3,17.7,980.9,74.5,29.145
2026,11,26,3,17.6,980.65,65.2,31.115
2027,12,26,3,15.4,979.85,58.1,32.655
2028,13,26,3,15.2,978.7,52.5,33.745
2029,14,26,3,15.2,977.5,47.8,34.64
2030,15,26,3,15.3,976.6,45.5,35.6
2031,16,26,3,17.3,976.0,44.4,36.39
2032,17,26,3,16.7,975.6,43.7,35.57
2033,18,26,3,18.4,975.6,44.8,34.39
2034,19,26,3,23.8,976.0,50.2,32.91
2035,20,26,3,24.7,976.95,54.9,31.715
2036,21,26,3,24.7,977.95,59.15,30.645
2037,22,26,3,23.4,978.75,63.4,29.815
2038,23,26,3,22.4,979.35,66.2,29.175
2039,24,26,3,21.3,979.4,69.8,28.235
2040,1,27,3,22.0,979.6,76.55,27.165
2041,2,27,3,21.5,979.45,84.4,26.29
2042,3,27,3,20.9,979.15,87.5,25.71
2043,4,27,3,20.1,979.15,89.4,25.21
2044,5,27,3,20.7,979.2,89.8,24.74
2045,6,27,3,20.0,980.25,89.2,24.34
2046,7,27,3,18.4,980.85,91.15,24.325
2047,8,27,3,16.4,981.8,91.9,25.43
2048,9,27,3,16.9,982.5,86.15,27.235
2049,10,27,3,17.7,982.95,79.4,28.665
2050,11,27,3,17.6,982.55,68.15,30.61
2051,12,27,3,15.4,981.8,61.4,32.385
2052,13,27,3,15.2,980.7,56.85,33.39
2053,14,27,3,15.2,979.65,56.4,33.745
2054,15,27,3,15.3,978.5,54.0,34.27
2055,16,27,3,17.3,977.75,53.5,34.1
2056,17,27,3,16.7,977.3,51.9,34.03
2057,18,27,3,18.4,977.6,67.6,27.85
2058,19,27,3,23.8,977.95,73.85,27.75
2059,20,27,3,24.7,978.9,79.0,28.01
2060,21,27,3,24.7,980.0,78.7,28.07
2061,22,27,3,23.4,980.55,76.45,28.52
2062,23,27,3,22.4,981.2,76.8,28.37
2063,24,27,3,21.3,981.4,75.15,28.405
2064,1,28,3,20.3,980.85,74.7,27.85
2065,2,28,3,19.5,980.35,78.4,26.79
2066,3,28,3,19.4,980.2,82.05,25.94
2067,4,28,3,19.8,980.0,85.45,25.31
2068,5,28,3,20.1,979.95,88.25,24.895
2069,6,28,3,18.5,980.35,90.4,24.65
2070,7,28,3,15.4,980.9,91.6,24.485
2071,8,28,3,14.6,981.8,92.35,24.98
2072,9,28,3,15.1,982.4,88.4,26.525
2073,10,28,3,15.9,982.5,82.45,28.855
2074,11,28,3,16.7,982.0,73.9,30.825
2075,12,28,3,16.9,981.3,67.7,32.265
2076,13,28,3,17.0,980.1,61.5,34.095
2077,14,28,3,17.2,978.8,55.25,34.47
2078,15,28,3,17.2,977.6,50.05,35.475
2079,16,28,3,18.3,976.9,46.6,35.61
2080,17,28,3,17.7,976.55,43.35,36.675
2081,18,28,3,19.1,976.5,42.4,35.53
2082,19,28,3,26.6,977.3,49.05,33.59
2083,20,28,3,27.6,978.2,61.5,31.56
2084,21,28,3,27.4,978.75,65.8,30.835
2085,22,28,3,27.2,979.3,69.25,29.905
2086,23,28,3,25.7,979.95,73.1,29.18
2087,24,28,3,25.3,980.5,77.3,28.32
2088,1,29,3,21.9,980.05,80.55,27.775
2089,2,29,3,20.8,979.15,84.05,26.745
2090,3,29,3,20.1,978.65,87.85,26.305
2091,4,29,3,19.4,978.8,89.3,26.06
2092,5,29,3,19.7,979.0,90.25,25.305
2093,6,29,3,20.3,979.75,89.3,24.4
2094,7,29,3,17.7,980.35,84.8,23.69
2095,8,29,3,17.5,981.05,81.15,24.69
2096,9,29,3,17.5,981.65,72.95,26.965
2097,10,29,3,18.7,981.95,71.1,28.78
2098,11,29,3,18.9,981.95,68.85,30.09
2099,12,29,3,19.6,981.3,64.5,31.835
2100,13,29,3,18.1,980.0,59.45,33.65
2101,14,29,3,18.2,978.2,55.55,34.77
2102,15,29,3,18.7,977.05,52.25,36.13
2103,16,29,3,19.9,976.4,48.55,36.675
2104,17,29,3,18.1,975.55,54.25,34.41
2105,18,29,3,15.8,975.4,56.9,33.89
2106,19,29,3,13.6,976.45,62.55,29.685
2107,20,29,3,13.9,978.45,63.35,25.41
2109,22,29,3,18.8,980.75,91.15,22.74
2110,23,29,3,17.7,980.15,91.0,22.62
2111,24,29,3,17.4,980.25,91.2,22.385
2112,1,30,3,16.6,980.5,93.15,22.035
2113,2,30,3,16.0,980.0,94.4,21.795
2114,3,30,3,15.4,979.4,95.4,21.555
2115,4,30,3,15.8,979.0,94.2,21.865
2116,5,30,3,15.9,978.8,92.9,21.845
2117,6,30,3,14.6,979.05,94.15,21.605
2118,7,30,3,14.5,979.65,94.2,21.785
2119,8,30,3,14.4,980.3,91.35,22.87
2121,10,30,3,17.0,980.85,82.35,28.1
2123,12,30,3,17.4,980.2,69.9,31.535
2124,13,30,3,18.0,979.2,64.65,32.51
2125,14,30,3,18.5,978.0,60.2,33.77
2126,15,30,3,18.8,977.0,56.6,34.705
2127,16,30,3,19.9,976.3,58.2,33.755
2128,17,30,3,16.8,975.85,59.2,33.88
2129,18,30,3,17.3,975.8,60.0,33.21
2130,19,30,3,24.7,976.65,59.4,31.445
2131,20,30,3,25.9,977.95,63.75,26.29
2132,21,30,3,25.9,978.7,65.2,27.09
2133,22,30,3,24.3,979.1,63.0,26.635
2134,23,30,3,22.7,979.9,67.15,25.62
2135,24,30,3,21.4,980.2,74.4,24.38
2136,1,31,3,20.9,979.95,77.3,24.245
2137,2,31,3,20.5,979.25,83.4,24.085
2138,3,31,3,15.2,978.7,86.3,24.36
2139,4,31,3,15.1,978.55,89.1,23.98
2140,5,31,3,15.0,978.25,91.7,23.965
2141,6,31,3,14.6,977.85,93.75,23.485
2142,7,31,3,18.1,978.55,95.7,23.47
2143,8,31,3,16.9,980.15,96.45,24.27
2144,9,31,3,16.0,981.3,94.25,25.54
2145,10,31,3,16.0,981.5,84.45,28.705
2146,11,31,3,16.0,981.35,77.1,29.64
2147,12,31,3,16.1,980.6,73.55,30.23
2148,13,31,3,17.2,979.7,67.4,31.47
2149,14,31,3,17.8,978.6,66.85,31.565
2150,15,31,3,18.7,977.5,65.0,32.23
2151,16,31,3,19.4,976.4,62.2,33.105
2152,17,31,3,19.1,975.55,57.85,33.6
2153,18,31,3,19.7,975.5,60.9,32.73
2154,19,31,3,25.6,976.35,63.5,30.89
2155,20,31,3,26.1,976.95,72.75,29.28
2156,21,31,3,27.6,977.6,77.2,28.72
2157,22,31,3,23.8,978.75,79.95,28.245
2158,23,31,3,22.4,980.7,79.65,24.765
2159,24,31,3,21.6,980.2,87.75,23.665
2160,1,1,4,21.0,979.65,89.0,23.99
2161,2,1,4,20.7,978.95,88.05,23.99
2162,3,1,4,20.0,978.65,88.2,23.595
2163,4,1,4,19.3,979.55,88.6,23.05
2164,5,1,4,18.7,979.55,90.55,21.975
2165,6,1,4,12.7,979.75,93.5,22.21
2166,7,1,4,16.6,979.4,93.7,22.455
2167,8,1,4,15.5,979.25,92.25,23.34
2168,9,1,4,16.1,979.05,86.9,25.73
2169,10,1,4,17.4,978.7,78.25,27.42
2170,11,1,4,18.0,978.4,72.3,29.93
2171,12,1,4,18.3,978.05,66.55,31.715
2172,13,1,4,18.7,977.05,62.8,33.345
2173,14,1,4,19.1,975.95,57.95,33.94
2174,15,1,4,20.1,975.2,53.8,36.135
2175,16,1,4,21.0,974.45,51.05,35.545
2176,17,1,4,20.9,974.15,52.35,34.93
2177,18,1,4,21.4,974.0,54.45,34.005
2178,19,1,4,27.2,974.6,57.75,32.385
2179,20,1,4,27.5,975.75,60.7,29.99
2180,21,1,4,27.3,976.3,63.55,29.1
2181,22,1,4,25.3,976.65,66.35,28.52
2182,23,1,4,18.0,978.0,69.0,28.075
2183,24,1,4,17.0,979.45,76.45,23.48
2184,1,2,4,16.3,978.15,90.45,22.23
2185,2,2,4,16.0,978.75,91.0,22.37
2186,3,2,4,15.8,977.85,91.85,22.105
2187,4,2,4,16.2,976.8,91.6,21.82
2188,5,2,4,16.7,977.25,92.4,21.94
2189,6,2,4,18.1,977.65,92.7,21.715
2190,7,2,4,14.6,978.2,93.6,21.735
2191,8,2,4,14.7,978.75,91.35,23.765
2192,9,2,4,16.3,979.45,79.85,27.285
2193,10,2,4,18.5,979.35,75.6,28.495
2196,13,2,4,18.6,977.7,64.85,32.41
2197,14,2,4,19.1,976.65,59.1,34.245
2198,15,2,4,19.8,975.7,57.65,34.55
2199,16,2,4,20.3,974.95,58.4,34.85
2200,17,2,4,19.7,974.35,58.45,34.125
2201,18,2,4,20.4,974.65,59.7,29.245
2202,19,2,4,22.2,975.35,65.7,27.68
2203,20,2,4,21.5,977.25,70.8,26.655
2204,21,2,4,23.2,976.6,69.6,24.305
2205,22,2,4,21.9,977.95,68.15,25.44
2206,23,2,4,20.2,978.85,70.15,25.255
2207,24,2,4,19.8,978.35,73.05,24.855
2208,1,3,4,19.5,977.95,75.9,24.085
2209,2,3,4,19.1,977.8,80.5,23.52
2210,3,3,4,18.9,977.4,85.75,23.085
2211,4,3,4,19.5,977.35,87.55,22.92
2212,5,3,4,19.8,977.45,88.25,22.695
2213,6,3,4,18.2,977.9,88.35,22.765
2214,7,3,4,15.4,978.35,89.8,22.6
2215,8,3,4,15.5,978.7,88.3,24.04
2216,9,3,4,16.1,979.35,87.25,25.5
2217,10,3,4,17.4,980.1,85.3,27.675
2218,11,3,4,17.6,979.9,78.95,30.255
2219,12,3,4,17.5,979.35,71.15,31.395
2220,13,3,4,14.8,978.6,66.3,32.225
2221,14,3,4,16.0,977.55,63.6,33.69
2222,15,3,4,16.0,976.5,62.55,33.21
2223,16,3,4,18.5,975.55,58.6,33.865
2224,17,3,4,18.9,974.8,57.65,33.955
2225,18,3,4,20.5,974.7,59.35,32.895
2226,19,3,4,25.3,975.9,61.8,31.945
2227,20,3,4,26.9,976.95,68.3,30.545
2228,21,3,4,26.5,978.0,72.15,29.98
2229,22,3,4,25.2,978.35,76.25,27.115
2230,23,3,4,23.5,978.5,74.1,26.145
2231,24,3,4,22.4,979.1,76.05,25.395
2232,1,4,4,21.5,979.1,78.9,24.665
2233,2,4,4,21.4,978.5,79.7,24.005
2234,3,4,4,20.6,977.65,81.5,23.555
2235,4,4,4,20.1,977.25,82.5,23.065
2236,5,4,4,20.5,977.25,84.9,22.525
2237,6,4,4,19.3,977.25,85.7,22.585
2238,7,4,4,17.2,977.65,89.1,22.43
2239,8,4,4,16.4,978.25,92.5,23.785
2240,9,4,4,17.1,978.9,91.1,26.22
2241,10,4,4,17.9,979.15,81.35,29.13
2242,11,4,4,17.8,978.85,75.1,30.22
2244,13,4,4,18.7,976.95,61.95,33.48
2245,14,4,4,19.0,975.85,57.95,34.575
2246,15,4,4,19.3,974.8,55.3,34.55
2247,16,4,4,20.7,974.0,55.5,34.955
2248,17,4,4,20.7,973.3,56.9,34.085
2249,18,4,4,21.0,972.9,59.95,32.96
2250,19,4,4,26.0,973.55,64.1,31.565
2251,20,4,4,27.2,974.9,68.05,30.695
2252,21,4,4,20.0,975.75,70.75,29.865
2253,22,4,4,15.2,976.95,71.9,29.805
2254,23,4,4,14.5,977.6,74.7,29.015
2255,24,4,4,14.3,979.7,80.2,22.805
2256,1,5,4,14.8,979.7,94.5,20.82
2257,2,5,4,14.3,979.2,95.25,20.935
2258,3,5,4,13.8,978.2,95.3,21.15
2259,4,5,4,13.7,977.9,94.6,21.39
2260,5,5,4,13.8,977.45,94.25,21.46
2261,6,5,4,13.9,978.05,96.25,20.865
2262,7,5,4,12.5,979.15,97.1,21.22
2263,8,5,4,11.8,979.95,96.9,22.56
2264,9,5,4,17.4,980.55,94.4,24.835
2265,10,5,4,17.9,981.15,89.25,25.84
2266,11,5,4,15.3,981.0,85.7,27.325
2267,12,5,4,17.1,980.35,78.2,29.58
2268,13,5,4,18.5,979.55,73.6,30.08
2269,14,5,4,18.5,978.1,68.85,31.485
2270,15,5,4,19.6,976.9,65.4,32.63
2271,16,5,4,20.0,976.2,60.65,32.975
2272,17,5,4,20.3,976.1,62.55,32.19
2273,18,5,4,21.2,976.0,65.95,30.9
2274,19,5,4,26.3,976.6,68.3,29.53
2275,20,5,4,27.1,977.3,72.1,28.33
2276,21,5,4,27.5,978.4,77.1,27.815
2277,22,5,4,26.4,978.85,78.6,27.625
2278,23,5,4,23.9,979.65,79.75,27.135
2279,24,5,4,23.4,979.9,83.5,26.28
2280,1,6,4,21.6,979.05,85.8,25.71
2281,2,6,4,21.2,979.0,86.55,25.42
2282,3,6,4,20.8,978.7,88.25,25.055
2283,4,6,4,20.3,978.2,91.3,24.53
2284,5,6,4,20.1,978.4,93.7,24.04
2285,6,6,4,17.9,978.55,95.2,23.82
2286,7,6,4,17.5,979.3,96.1,23.75
2287,8,6,4,16.8,979.75,94.9,24.845
2288,9,6,4,17.2,980.2,86.3,26.77
2289,10,6,4,17.8,980.75,78.8,28.285
2290,11,6,4,18.8,980.85,71.65,30.32
2291,12,6,4,19.0,980.45,65.85,31.895
2292,13,6,4,19.3,979.25,60.95,33.51
2293,14,6,4,19.4,978.2,58.05,33.875
2294,15,6,4,19.5,977.1,54.85,34.88
2295,16,6,4,19.8,976.15,54.3,35.25
2296,17,6,4,18.0,976.05,55.95,34.11
2297,18,6,4,20.3,976.35,59.5,32.64
2298,19,6,4,24.6,976.9,65.45,30.85
2299,20,6,4,25.5,977.65,70.05,29.955
2300,21,6,4,27.6,978.6,72.6,29.24
2301,22,6,4,26.5,979.45,75.25,28.93
2302,23,6,4,25.4,979.9,77.45,28.185
2303,24,6,4,24.8,979.85,81.05,27.605
2304,1,7,4,19.6,979.65,85.15,26.72
2305,2,7,4,18.8,979.5,88.6,25.965
2306,3,7,4,17.8,979.05,90.85,25.43
2307,4,7,4,18.7,978.95,93.15,25.015
2308,5,7,4,18.6,978.75,93.35,24.8
2309,6,7,4,18.3,979.15,93.7,24.765
2310,7,7,4,17.8,979.9,92.6,25.075
2311,8,7,4,16.9,980.6,90.25,25.77
2312,9,7,4,13.4,981.45,87.15,26.62
2313,10,7,4,14.9,981.9,83.35,27.53
2314,11,7,4,15.4,981.35,78.15,29.605
2315,12,7,4,16.3,981.0,72.5,31.17
2316,13,7,4,18.2,980.3,68.95,31.78
2317,14,7,4,18.4,979.05,65.25,33.295
2318,15,7,4,20.0,977.7,60.6,33.885
2319,16,7,4,20.1,976.7,60.6,33.39
2320,17,7,4,19.9,975.95,60.2,33.585
2321,18,7,4,20.7,975.9,63.05,32.55
2322,19,7,4,24.3,976.9,66.75,31.23
2323,20,7,4,22.7,978.15,70.0,30.62
2324,21,7,4,23.8,979.35,77.15,25.175
2325,22,7,4,22.1,979.55,80.2,25.44
2326,23,7,4,18.8,980.85,81.7,23.81
2327,24,7,4,18.6,983.8,96.5,21.52
2328,1,8,4,18.3,982.45,98.65,21.33
2329,2,8,4,18.4,981.0,99.15,21.485
2330,3,8,4,18.0,981.2,99.2,21.675
2331,4,8,4,18.0,979.9,99.25,21.9
2332,5,8,4,17.9,979.35,99.4,21.57
2333,6,8,4,16.8,979.3,99.3,21.45
2334,7,8,4,15.2,980.3,99.15,21.65
2335,8,8,4,14.5,980.75,98.7,22.45
2336,9,8,4,15.8,981.6,96.65,24.22
2337,10,8,4,16.3,981.95,88.1,26.135
2338,11,8,4,17.1,982.35,81.5,27.235
2339,12,8,4,17.7,981.75,75.75,29.34
2340,13,8,4,18.0,980.75,68.05,31.055
2341,14,8,4,18.6,979.5,63.3,31.985
2342,15,8,4,19.2,978.25,60.45,33.425
2343,16,8,4,20.0,977.5,56.7,33.35
2344,17,8,4,20.3,977.1,53.2,33.63
2345,18,8,4,21.1,977.2,57.0,32.23
2346,19,8,4,24.3,978.1,70.75,29.78
2347,20,8,4,25.9,978.85,77.55,28.565
2348,21,8,4,26.3,979.3,79.9,27.8
2349,22,8,4,24.8,979.75,81.3,26.785
2350,23,8,4,22.8,980.1,83.15,25.985
2351,24,8,4,21.5,980.1,84.4,25.56
2352,1,9,4,21.5,979.8,84.7,25.185
2353,2,9,4,20.5,979.1,86.7,24.88
2354,3,9,4,20.3,978.75,88.8,24.53
2355,4,9,4,20.6,978.65,90.75,23.93
2356,5,9,4,20.9,978.55,92.65,23.785
2357,6,9,4,19.4,978.8,93.6,23.63
2358,7,9,4,17.0,979.45,94.05,23.59
2359,8,9,4,15.9,979.95,92.1,25.185
2360,9,9,4,17.0,980.55,85.8,26.57
2361,10,9,4,17.7,980.85,78.85,29.28
2362,11,9,4,17.5,980.8,71.55,30.89
2363,12,9,4,17.7,980.2,61.95,32.705
2364,13,9,4,17.9,979.25,56.85,33.73
2365,14,9,4,19.9,978.35,51.8,34.825
2366,15,9,4,19.8,977.3,48.7,35.825
2367,16,9,4,19.8,976.4,46.85,36.05
2368,17,9,4,20.0,975.75,45.0,36.08
2369,18,9,4,21.3,975.8,51.05,33.925
2370,19,9,4,25.6,976.2,59.5,32.095
2371,20,9,4,26.7,977.2,65.35,30.775
2372,21,9,4,26.8,977.55,66.85,30.105
2373,22,9,4,25.7,978.3,67.8,29.265
2374,23,9,4,24.7,979.15,72.7,28.62
2375,24,9,4,23.4,978.7,75.95,27.7
2376,1,10,4,22.2,978.0,78.65,26.5
2377,2,10,4,21.0,977.85,78.7,25.33
2378,3,10,4,19.2,977.5,81.95,24.775
2379,4,10,4,19.0,977.2,82.3,24.415
2380,5,10,4,19.2,977.4,83.15,23.74
2381,6,10,4,19.3,977.85,84.6,23.17
2382,7,10,4,17.1,978.0,85.9,23.4
2383,8,10,4,16.6,978.9,86.6,24.315
2384,9,10,4,16.9,979.8,85.8,26.06
2385,10,10,4,17.7,980.3,81.4,28.22
2386,11,10,4,19.0,980.3,75.45,29.155
2388,13,10,4,18.8,979.25,66.1,32.435
2389,14,10,4,19.3,978.3,63.1,32.44
2390,15,10,4,20.0,977.05,61.4,33.265
2391,16,10,4,20.6,976.3,59.05,34.125
2392,17,10,4,19.9,975.75,57.95,33.68
2393,18,10,4,21.2,975.65,59.85,32.41
2394,19,10,4,26.1,976.35,65.7,30.655
2395,20,10,4,27.4,977.35,70.85,29.625
2396,21,10,4,26.6,978.1,74.8,28.74
2397,22,10,4,25.8,978.75,75.7,28.875
2398,23,10,4,25.0,979.2,77.95,27.95
2399,24,10,4,24.5,979.15,85.05,26.635
2400,1,11,4,23.3,978.65,88.25,25.975
2401,2,11,4,22.7,978.15,89.85,25.6
2402,3,11,4,20.8,977.55,90.55,25.235
2403,4,11,4,20.6,977.2,91.95,24.835
2404,5,11,4,20.6,977.45,92.55,24.775
2405,6,11,4,20.3,977.75,93.35,24.625
2406,7,11,4,18.3,978.35,94.05,24.74
2407,8,11,4,17.4,978.75,93.25,25.685
2408,9,11,4,18.6,979.25,88.75,27.36
2409,10,11,4,18.7,979.9,82.65,28.36
2410,11,11,4,18.5,980.2,81.45,28.335
2411,12,11,4,19.5,979.5,80.5,29.0
2412,13,11,4,19.5,978.75,75.05,30.9
2413,14,11,4,19.8,977.5,69.7,32.615
2414,15,11,4,20.9,976.5,65.35,32.625
2415,16,11,4,20.8,975.65,63.35,32.95
2416,17,11,4,20.7,975.15,61.4,32.115
2417,18,11,4,22.0,975.35,66.1,31.195
2418,19,11,4,16.5,975.65,72.9,29.72
2419,20,11,4,25.1,977.55,71.7,28.0
2420,21,11,4,24.5,978.65,76.6,26.29
2421,22,11,4,23.6,978.9,81.45,24.76
2422,23,11,4,22.1,979.25,84.95,24.665
2423,24,11,4,21.1,980.45,86.85,24.595
2424,1,12,4,20.8,980.55,88.4,24.825
2425,2,12,4,19.6,978.85,89.75,24.22
2426,3,12,4,19.5,977.5,91.35,23.68
2427,4,12,4,19.3,977.15,92.0,23.255
2428,5,12,4,19.6,976.7,91.95,23.255
2429,6,12,4,18.6,976.9,92.4,23.06
2430,7,12,4,17.5,977.3,93.2,22.72
2431,8,12,4,18.5,977.8,92.75,24.025
2432,9,12,4,18.9,978.6,85.85,26.07
2433,10,12,4,18.9,979.05,78.9,28.32
2434,11,12,4,20.1,978.75,74.95,29.655
2435,12,12,4,20.6,978.35,71.6,31.105
2436,13,12,4,20.4,977.45,64.7,32.99
2437,14,12,4,18.6,976.3,56.25,33.94
2438,15,12,4,21.0,975.35,51.15,35.22
2439,16,12,4,20.8,974.75,47.0,36.485
2440,17,12,4,20.7,974.25,48.7,35.45
2441,18,12,4,21.4,974.35,53.85,33.34
2442,19,12,4,20.2,975.55,64.05,28.16
2443,20,12,4,20.6,978.7,94.6,21.295
2444,21,12,4,21.4,980.15,98.15,21.355
2445,22,12,4,20.0,980.75,98.8,21.43
2446,23,12,4,19.1,981.05,99.05,21.39
2447,24,12,4,18.1,981.2,97.25,22.29
2448,1,13,4,17.8,981.45,94.45,22.035
2449,2,13,4,17.6,979.55,94.55,22.345
2450,3,13,4,17.5,977.7,92.5,22.67
2451,4,13,4,17.4,977.95,92.4,22.31
2452,5,13,4,17.9,978.3,92.55,22.61
2453,6,13,4,16.2,979.15,94.45,21.815
2454,7,13,4,15.6,980.3,96.7,21.62
2455,8,13,4,15.8,980.8,95.1,22.85
2456,9,13,4,15.9,981.45,92.8,23.73
2457,10,13,4,16.7,981.85,84.45,27.74
2458,11,13,4,16.8,981.65,71.2,29.325
2459,12,13,4,17.0,981.0,70.25,29.055
2460,13,13,4,17.1,980.15,70.45,28.88
2461,14,13,4,16.8,979.05,72.7,28.95
2462,15,13,4,16.5,978.4,72.4,29.24
2463,16,13,4,16.6,977.9,69.75,29.78
2464,17,13,4,17.3,977.35,69.5,29.615
2465,18,13,4,18.2,976.95,71.1,29.54
2466,19,13,4,24.2,977.6,75.8,27.91
2467,20,13,4,23.8,978.55,81.9,26.87
2468,21,13,4,23.4,979.45,86.25,25.865
2469,22,13,4,23.1,980.3,87.8,25.565
2470,23,13,4,21.2,980.65,88.65,25.44
2471,24,13,4,20.6,980.55,90.0,25.11
2472,1,14,4,19.4,980.05,90.6,24.845
2473,2,14,4,18.8,979.55,91.15,24.51
2474,3,14,4,18.2,979.15,89.6,24.855
2475,4,14,4,17.3,978.95,91.1,24.435
2476,5,14,4,17.5,978.85,93.0,24.18
2477,6,14,4,17.9,979.3,94.0,24.27
2478,7,14,4,17.7,979.85,94.85,24.52
2479,8,14,4,17.5,980.3,94.85,24.845
2480,9,14,4,16.0,981.15,92.85,25.95
2481,10,14,4,15.4,981.5,85.65,28.32
2482,11,14,4,15.7,981.1,79.25,29.755
2483,12,14,4,16.2,980.45,75.55,30.695
2484,13,14,4,17.6,979.75,70.7,32.02
2485,14,14,4,18.1,978.65,65.8,33.13
2486,15,14,4,19.0,977.7,60.75,33.63
2487,16,14,4,18.9,976.65,57.9,33.94
2488,17,14,4,19.3,975.95,55.55,34.47
2489,18,14,4,20.2,976.2,60.3,31.795
2490,19,14,4,17.2,977.15,68.5,29.32
2491,20,14,4,22.6,979.2,83.1,22.86
2492,21,14,4,22.4,980.7,93.85,22.45
2493,22,14,4,22.0,981.9,93.75,22.595
2494,23,14,4,21.5,982.75,94.6,22.575
2495,24,14,4,21.3,982.25,94.45,22.445
2496,1,15,4,18.3,981.05,94.75,22.145
2497,2,15,4,17.6,980.35,95.1,21.975
2498,3,15,4,15.7,979.65,95.25,22.01
2499,4,15,4,16.4,979.4,93.55,22.07
2500,5,15,4,17.5,979.9,93.55,21.72
2501,6,15,4,16.7,980.45,95.7,21.34
2502,7,15,4,16.2,980.85,96.55,21.315
2503,8,15,4,16.1,981.55,96.25,22.55
2504,9,15,4,16.5,982.05,91.4,24.4
2505,10,15,4,17.3,982.05,83.95,25.975
2506,11,15,4,17.5,981.65,76.25,28.035
2507,12,15,4,17.6,981.2,70.0,28.755
2508,13,15,4,16.8,980.25,63.45,30.13
2509,14,15,4,17.8,978.8,61.25,31.32
2510,15,15,4,19.2,977.85,57.95,32.405
2511,16,15,4,18.2,977.05,55.65,33.43
2512,17,15,4,20.0,976.8,54.3,33.695
2513,18,15,4,19.8,977.0,55.35,32.705
2514,19,15,4,24.5,977.6,59.85,30.9
2516,21,15,4,22.3,979.0,70.8,29.375
2517,22,15,4,20.0,979.35,70.65,28.84
2518,23,15,4,20.9,979.8,72.35,28.255
2519,24,15,4,21.1,979.95,77.5,27.22
2520,1,16,4,19.9,979.7,83.15,25.985
2521,2,16,4,19.5,979.4,85.85,25.455
2522,3,16,4,19.5,979.15,87.55,25.415
2523,4,16,4,19.3,978.95,89.2,24.97
2524,5,16,4,19.1,978.9,90.6,24.435
2525,6,16,4,17.6,979.4,91.3,23.905
2526,7,16,4,16.7,980.2,91.25,23.565
2527,8,16,4,17.1,980.9,89.15,25.22
2528,9,16,4,17.9,981.95,84.45,26.395
2529,10,16,4,18.0,981.75,79.4,28.11
2530,11,16,4,18.8,981.5,73.8,29.14
2531,12,16,4,19.2,980.6,69.65,30.76
2532,13,16,4,19.5,979.6,64.95,32.165
2533,14,16,4,19.4,978.45,61.15,33.39
2534,15,16,4,19.6,977.7,58.6,33.415
2535,16,16,4,19.8,977.05,57.3,33.615
2536,17,16,4,19.9,976.5,58.15,33.68
2537,18,16,4,20.0,976.15,61.3,32.32
2538,19,16,4,25.5,976.65,65.8,30.67
2539,20,16,4,26.3,977.9,69.5,29.095
2540,21,16,4,26.3,978.35,72.05,28.295
2541,22,16,4,21.5,979.5,74.8,26.905
2542,23,16,4,19.0,980.8,76.3,26.04
2543,24,16,4,18.8,981.95,89.8,22.02
2544,1,17,4,17.3,980.3,92.85,22.635
2545,2,17,4,17.3,979.7,94.9,22.455
2546,3,17,4,17.3,978.55,95.85,22.515
2547,4,17,4,18.2,978.1,96.6,22.295
2548,5,17,4,18.0,978.55,96.8,22.26
2549,6,17,4,17.2,978.75,97.0,22.12
2550,7,17,4,15.9,979.15,96.8,22.215
2551,8,17,4,17.1,980.3,95.55,23.57
2552,9,17,4,17.1,980.55,90.2,26.255
2553,10,17,4,16.9,980.9,84.45,27.9
2554,11,17,4,17.1,981.0,79.45,28.855
2555,12,17,4,17.8,980.75,75.1,29.56
2556,13,17,4,16.5,979.85,70.05,31.03
2557,14,17,4,17.1,978.6,64.95,31.635
2558,15,17,4,19.2,977.5,61.3,33.405
2559,16,17,4,20.7,976.95,59.35,32.845
2560,17,17,4,19.7,976.55,58.65,33.445
2561,18,17,4,20.0,976.45,60.25,32.51
2562,19,17,4,25.8,977.0,66.25,30.47
2563,20,17,4,17.1,977.7,74.5,29.155
2564,21,17,4,19.9,978.6,78.05,28.555
2565,22,17,4,19.3,980.0,76.35,24.545
2566,23,17,4,19.6,980.3,81.85,23.11
2567,24,17,4,18.5,980.05,86.95,23.03
2568,1,18,4,17.9,979.95,88.1,22.935
2569,2,18,4,17.3,979.4,89.9,22.62
2570,3,18,4,17.3,978.5,91.3,22.37
2571,4,18,4,17.0,978.15,93.7,22.405
2572,5,18,4,17.0,978.35,93.4,22.755
2573,6,18,4,15.4,978.6,91.2,22.815
2574,7,18,4,13.7,978.95,92.35,22.54
2575,8,18,4,16.5,979.4,93.6,23.92
2576,9,18,4,18.1,979.9,84.75,27.04
2577,10,18,4,18.8,980.2,75.75,28.515
2578,11,18,4,19.9,980.0,71.25,29.715
2579,12,18,4,19.6,979.4,68.35,31.18
2580,13,18,4,20.0,978.55,63.9,31.985
2581,14,18,4,20.0,977.3,63.5,32.845
2582,15,18,4,20.2,976.55,63.05,33.2
2583,16,18,4,20.5,975.6,62.85,33.35
2584,17,18,4,20.4,975.15,63.25,32.82
2585,18,18,4,20.8,975.4,64.8,31.82
2586,19,18,4,25.6,975.8,69.65,30.67
2587,20,18,4,25.5,976.65,73.25,29.705
2588,21,18,4,25.4,978.05,75.75,28.905
2589,22,18,4,25.6,978.75,78.55,28.48
2590,23,18,4,24.4,979.65,81.0,27.96
2591,24,18,4,23.4,980.3,83.85,26.93
2592,1,19,4,22.4,979.8,87.15,26.17
2593,2,19,4,21.8,978.75,90.1,25.67
2594,3,19,4,21.5,978.3,90.25,25.44
2595,4,19,4,21.1,978.05,92.55,24.945
2596,5,19,4,20.1,978.25,93.6,24.81
2597,6,19,4,17.9,978.4,94.65,24.52
2598,7,19,4,17.9,979.0,95.55,24.4
2599,8,19,4,16.9,979.6,94.8,25.48
2600,9,19,4,15.7,980.3,89.8,27.015
2601,10,19,4,16.6,980.7,84.2,28.505
2602,11,19,4,16.5,980.7,79.0,29.32
2603,12,19,4,17.4,980.45,74.2,30.28
2604,13,19,4,17.9,979.75,71.55,30.95
2605,14,19,4,18.8,978.85,68.85,31.5
2606,15,19,4,19.0,978.0,66.45,32.01
2607,16,19,4,17.1,977.65,64.95,32.125
2608,17,19,4,17.0,977.45,64.65,32.05
2609,18,19,4,19.8,977.55,66.15,31.175
2610,19,19,4,24.8,978.3,71.75,29.815
2611,20,19,4,25.6,978.9,77.95,28.805
2612,21,19,4,25.8,979.4,81.25,28.25
2613,22,19,4,25.6,980.1,81.7,27.665
2614,23,19,4,24.6,980.4,82.75,27.48
2615,24,19,4,23.2,980.6,84.2,26.975
2616,1,20,4,22.6,980.8,87.65,26.305
2617,2,20,4,21.9,980.2,90.65,25.76
2618,3,20,4,21.2,979.45,92.6,25.255
2619,4,20,4,20.5,979.1,94.35,24.92
2620,5,20,4,19.9,979.3,95.1,24.995
2621,6,20,4,18.9,979.5,95.3,24.965
2622,7,20,4,17.1,980.05,95.0,25.09
2623,8,20,4,17.1,980.6,93.75,25.72
2624,9,20,4,17.0,981.15,90.85,26.56
2625,10,20,4,17.1,981.5,86.2,28.59
2626,11,20,4,17.1,981.15,79.95,28.565
2627,12,20,4,17.6,980.75,76.95,30.57
2628,13,20,4,18.4,980.0,70.05,31.27
2664,1,22,4,36.5,979.15,83.25,26.035
2665,2,22,4,35.4,978.8,86.0,24.945
2666,3,22,4,34.6,978.2,87.4,24.59
2667,4,22,4,33.9,977.9,87.7,25.02
2668,5,22,4,33.9,978.15,88.75,25.365
2669,6,22,4,17.0,978.45,88.3,25.585
2670,7,22,4,16.7,979.0,88.5,25.25
2671,8,22,4,34.5,979.75,91.4,25.5
2672,9,22,4,33.1,980.35,90.15,26.43
2673,10,22,4,31.5,980.7,87.55,27.49
2674,11,22,4,27.9,980.5,82.3,29.125
2675,12,22,4,28.5,980.25,79.6,29.63
2676,13,22,4,32.1,979.45,76.6,31.025
2677,14,22,4,32.8,978.15,72.1,31.285
2678,15,22,4,37.8,977.05,67.15,32.665
2679,16,22,4,34.1,976.15,63.15,33.105
2680,17,22,4,34.4,975.1,61.25,33.325
2681,18,22,4,34.9,974.7,63.0,31.885
2682,19,22,4,43.2,975.15,67.95,30.51
2683,20,22,4,45.7,976.3,72.5,29.435
2684,21,22,4,46.0,976.6,76.55,28.9
2685,22,22,4,44.1,977.4,79.15,28.335
2686,23,22,4,39.9,978.2,79.9,28.26
2687,24,22,4,38.4,978.65,81.7,27.665
2688,1,23,4,36.9,978.15,85.8,26.78
2689,2,23,4,35.7,977.9,89.65,26.08
2690,3,23,4,35.4,977.65,91.75,25.79
2691,4,23,4,34.4,977.5,93.15,25.575
2692,5,23,4,34.4,977.6,92.45,25.51
2693,6,23,4,32.6,978.05,93.35,25.355
2694,7,23,4,29.8,978.65,93.15,25.5
2695,8,23,4,29.6,979.35,91.5,26.27
2696,9,23,4,30.1,980.05,88.25,27.26
2697,10,23,4,32.3,980.35,84.5,28.38
2698,11,23,4,32.9,980.05,79.55,29.83
2699,12,23,4,33.2,979.7,73.5,31.23
2700,13,23,4,33.6,978.75,69.35,32.355
2701,14,23,4,33.3,977.45,66.15,33.06
2702,15,23,4,34.3,976.5,63.45,34.205
2703,16,23,4,35.0,975.65,61.25,34.43
2704,17,23,4,35.8,975.25,61.25,33.395
2705,18,23,4,35.2,976.55,70.25,28.95
2706,19,23,4,43.6,978.85,87.85,24.655
2707,20,23,4,46.0,980.15,87.3,24.74
2708,21,23,4,48.9,980.05,90.8,23.93
2709,22,23,4,42.4,980.5,94.0,23.725
2710,23,23,4,35.7,981.7,94.95,23.51
2711,24,23,4,35.2,981.55,95.55,23.305
2712,1,24,4,35.0,980.75,95.75,23.195
2713,2,24,4,34.6,979.8,96.4,23.05
2714,3,24,4,34.6,978.65,96.8,23.005
2715,4,24,4,34.7,977.55,97.05,22.835
2716,5,24,4,34.6,978.15,97.15,22.69
2717,6,24,4,32.7,979.15,97.95,22.395
2718,7,24,4,31.0,980.05,98.45,22.595
2719,8,24,4,31.0,980.35,98.25,23.32
2720,9,24,4,31.2,981.45,96.15,25.08
2721,10,24,4,31.8,981.45,84.95,27.385
2722,11,24,4,32.8,981.05,76.4,29.03
2723,12,24,4,33.1,980.95,72.05,30.635
2724,13,24,4,33.5,980.2,66.95,32.075
2725,14,24,4,34.4,979.25,64.25,32.795
2726,15,24,4,35.1,978.5,64.75,32.45
2727,16,24,4,35.4,978.0,62.3,33.67
2728,17,24,4,35.5,977.35,62.35,33.21
2729,18,24,4,35.4,977.3,63.6,32.395
2730,19,24,4,38.3,978.15,69.4,30.455
2731,20,24,4,45.1,979.55,79.3,25.945
2732,21,24,4,44.3,980.45,88.35,25.15
2733,22,24,4,43.4,981.9,87.45,24.005
2734,23,24,4,40.8,983.15,89.15,23.725
2735,24,24,4,37.6,983.2,89.35,23.795
2736,1,25,4,36.8,982.85,90.3,23.435
2737,2,25,4,36.3,981.75,94.3,23.23
2738,3,25,4,35.4,981.0,95.2,23.1
2739,4,25,4,34.9,980.15,95.55,22.86
2740,5,25,4,34.8,980.7,95.55,22.785
2741,6,25,4,32.7,981.15,96.2,22.57
2742,7,25,4,31.0,981.4,96.5,22.575
2743,8,25,4,31.4,981.9,95.8,24.205
2744,9,25,4,31.4,982.5,89.7,26.43
2745,10,25,4,32.6,982.8,84.1,28.405
2746,11,25,4,32.6,982.6,78.5,30.17
2747,12,25,4,33.0,982.05,73.5,30.95
2748,13,25,4,36.8,981.1,68.75,31.825
2749,14,25,4,37.0,980.05,67.75,32.485
2750,15,25,4,38.7,979.1,65.15,33.105
2751,16,25,4,38.8,978.05,62.9,33.68
2752,17,25,4,39.1,977.55,65.5,31.75
2753,18,25,4,39.1,977.55,74.35,29.47
2754,19,25,4,48.3,978.0,75.0,29.14
2755,20,25,4,43.7,978.6,79.9,27.89
2756,21,25,4,45.7,979.85,81.1,26.575
2757,22,25,4,44.1,980.5,83.3,26.355
2758,23,25,4,39.7,980.85,84.8,26.145
2759,24,25,4,37.9,980.95,86.75,26.035
2760,1,26,4,36.7,980.55,88.65,25.79
2761,2,26,4,35.8,979.8,88.1,26.07
2762,3,26,4,35.9,979.3,90.6,25.585
2763,4,26,4,34.9,979.2,92.35,25.23
2764,5,26,4,35.0,979.65,93.95,24.895
2765,6,26,4,33.3,980.15,95.0,24.52
2766,7,26,4,31.9,980.55,96.3,23.955
2767,8,26,4,31.5,980.8,96.15,25.47
2768,9,26,4,32.7,981.35,86.6,28.275
2769,10,26,4,32.6,981.6,77.1,29.79
2770,11,26,4,34.2,981.15,74.25,30.52
2771,12,26,4,33.6,980.65,73.15,31.18
2772,13,26,4,34.2,979.9,67.75,32.86
2773,14,26,4,34.4,978.9,65.4,32.975
2774,15,26,4,34.7,977.85,65.55,32.845
2775,16,26,4,35.3,977.0,66.6,32.615
2776,17,26,4,34.7,976.55,65.35,32.95
2777,18,26,4,34.8,976.7,77.45,25.045
2778,19,26,4,46.9,977.3,93.4,24.605
2779,20,26,4,45.1,978.5,93.8,25.16
2780,21,26,4,45.3,979.1,94.55,25.295
2781,22,26,4,43.4,980.05,93.15,25.195
2782,23,26,4,40.5,981.85,94.15,23.1
2783,24,26,4,38.5,981.05,97.15,21.47
2784,1,27,4,35.8,980.5,97.2,22.06
2785,2,27,4,35.4,979.3,97.45,22.155
2786,3,27,4,35.2,978.1,98.1,22.14
2787,4,27,4,35.0,978.05,98.25,22.31
2788,5,27,4,34.5,978.25,98.25,22.275
2789,6,27,4,29.9,978.55,98.4,22.295
2790,7,27,4,32.4,979.1,98.55,22.38
2791,8,27,4,33.0,979.75,98.5,23.145
2792,9,27,4,36.2,980.85,97.05,24.425
2793,10,27,4,33.5,981.35,91.65,26.15
2794,11,27,4,35.3,981.0,87.9,26.805
2795,12,27,4,35.4,980.4,83.3,29.57
2796,13,27,4,35.4,979.65,75.0,31.23
2797,14,27,4,35.9,978.5,70.95,32.035
2798,15,27,4,36.2,977.65,67.45,32.86
2799,16,27,4,36.0,977.15,69.2,32.68
2800,17,27,4,35.5,976.9,70.8,31.535
2801,18,27,4,35.2,977.1,74.2,30.575
2802,19,27,4,44.0,977.55,80.45,28.655
2803,20,27,4,46.0,978.3,83.65,27.91
2804,21,27,4,44.0,979.1,85.45,27.48
2805,22,27,4,43.1,980.0,86.55,27.145
2806,23,27,4,40.4,980.4,87.95,26.755
2807,24,27,4,39.9,980.65,88.9,26.475
2808,1,28,4,32.3,980.4,89.95,26.07
2809,2,28,4,31.8,979.95,91.45,25.745
2810,3,28,4,31.3,979.55,93.0,25.54
2811,4,28,4,31.3,979.05,93.95,25.305
2812,5,28,4,31.7,978.95,94.65,24.835
2813,6,28,4,30.0,979.35,95.2,24.615
2814,7,28,4,29.4,979.55,95.8,24.46
2815,8,28,4,28.3,980.15,94.85,26.16
